-- MySQL dump 10.13  Distrib 8.0.18, for Win64 (x86_64)
--
-- Host: localhost    Database: finance
-- ------------------------------------------------------
-- Server version	8.0.18

/*!40101 SET @OLD_CHARACTER_SET_CLIENT=@@CHARACTER_SET_CLIENT */;
/*!40101 SET @OLD_CHARACTER_SET_RESULTS=@@CHARACTER_SET_RESULTS */;
/*!40101 SET @OLD_COLLATION_CONNECTION=@@COLLATION_CONNECTION */;
/*!50503 SET NAMES utf8mb4 */;
/*!40103 SET @OLD_TIME_ZONE=@@TIME_ZONE */;
/*!40103 SET TIME_ZONE='+00:00' */;
/*!40014 SET @OLD_UNIQUE_CHECKS=@@UNIQUE_CHECKS, UNIQUE_CHECKS=0 */;
/*!40014 SET @OLD_FOREIGN_KEY_CHECKS=@@FOREIGN_KEY_CHECKS, FOREIGN_KEY_CHECKS=0 */;
/*!40101 SET @OLD_SQL_MODE=@@SQL_MODE, SQL_MODE='NO_AUTO_VALUE_ON_ZERO' */;
/*!40111 SET @OLD_SQL_NOTES=@@SQL_NOTES, SQL_NOTES=0 */;

--
-- Table structure for table `stock_price_history`
--

DROP TABLE IF EXISTS `stock_price_history`;
/*!40101 SET @saved_cs_client     = @@character_set_client */;
/*!50503 SET character_set_client = utf8mb4 */;
CREATE TABLE `stock_price_history` (
  `id` bigint(20) NOT NULL AUTO_INCREMENT COMMENT '主键ID',
  `stock_code` varchar(20) CHARACTER SET utf8mb4 COLLATE utf8mb4_general_ci NOT NULL COMMENT '股票代码',
  `full_name` varchar(255) DEFAULT NULL COMMENT '股票全称',
  `time_interval` varchar(10) NOT NULL COMMENT '时间周期，例如5min、10min',
  `timestamp` datetime NOT NULL COMMENT '该时间周期对应的数据时间点',
  `open_price` decimal(10,2) NOT NULL COMMENT '开盘价',
  `high_price` decimal(10,2) NOT NULL COMMENT '最高价',
  `low_price` decimal(10,2) NOT NULL COMMENT '最低价',
  `close_price` decimal(10,2) NOT NULL COMMENT '收盘价',
  `volume` bigint(20) NOT NULL COMMENT '成交量',
  `create_time` datetime DEFAULT CURRENT_TIMESTAMP COMMENT '记录创建时间',
  `update_time` datetime DEFAULT CURRENT_TIMESTAMP ON UPDATE CURRENT_TIMESTAMP COMMENT '记录更新时间',
  `change_percent` decimal(8,4) DEFAULT NULL COMMENT '涨跌幅（%），相对前一周期收盘价',
  `amplitude_percent` decimal(8,4) DEFAULT NULL COMMENT '振幅（%），相对最高价与最低价',
  PRIMARY KEY (`id`),
  UNIQUE KEY `uq_stock_time` (`stock_code`,`time_interval`,`timestamp`),
  CONSTRAINT `fk_stock_code` FOREIGN KEY (`stock_code`) REFERENCES `stocks` (`stock_code`)
) ENGINE=InnoDB AUTO_INCREMENT=894 DEFAULT CHARSET=utf8mb4 COLLATE=utf8mb4_0900_ai_ci COMMENT='股票历史行情表';
/*!40101 SET character_set_client = @saved_cs_client */;

--
-- Dumping data for table `stock_price_history`
--

LOCK TABLES `stock_price_history` WRITE;
/*!40000 ALTER TABLE `stock_price_history` DISABLE KEYS */;
INSERT INTO `stock_price_history` VALUES (1,'TSLA','Tesla, Inc.','1d','2025-07-14 00:00:00',317.73,322.60,312.67,316.90,78043400,'2025-07-27 23:13:48','2025-07-29 09:53:22',NULL,NULL),(2,'TSLA','Tesla, Inc.','1d','2025-07-15 00:00:00',319.67,321.20,310.50,310.78,77556300,'2025-07-27 23:13:48','2025-07-29 09:53:23',-1.9312,3.3765),(3,'TSLA','Tesla, Inc.','1d','2025-07-16 00:00:00',312.80,323.50,312.62,321.67,97284700,'2025-07-27 23:13:49','2025-07-29 09:53:25',3.5041,3.5009),(4,'TSLA','Tesla, Inc.','1d','2025-07-17 00:00:00',323.15,324.34,317.06,319.41,73922800,'2025-07-27 23:13:49','2025-07-29 09:53:26',-0.7026,2.2632),(5,'TSLA','Tesla, Inc.','1d','2025-07-18 00:00:00',321.66,330.90,321.42,329.65,94254900,'2025-07-27 23:13:49','2025-07-29 09:53:26',3.2059,2.9680),(6,'TSLA','Tesla, Inc.','1d','2025-07-21 00:00:00',334.40,338.00,326.88,328.49,75768800,'2025-07-27 23:13:49','2025-07-29 09:53:27',-0.3519,3.3733),(7,'TSLA','Tesla, Inc.','1d','2025-07-22 00:00:00',329.74,335.41,321.55,332.11,77370300,'2025-07-27 23:13:49','2025-07-29 09:53:28',1.1020,4.2193),(8,'TSLA','Tesla, Inc.','1d','2025-07-23 00:00:00',330.90,336.20,328.67,332.56,92553700,'2025-07-27 23:13:49','2025-07-29 09:53:29',0.1355,2.2673),(9,'TSLA','Tesla, Inc.','1d','2025-07-24 00:00:00',310.00,310.15,300.41,305.30,156966000,'2025-07-27 23:13:49','2025-07-29 09:53:30',-8.1970,2.9288),(10,'TSLA','Tesla, Inc.','1d','2025-07-25 00:00:00',308.74,323.63,308.01,316.06,148227000,'2025-07-27 23:13:50','2025-07-29 09:53:32',3.5244,5.1163),(64,'AAPL','Apple Inc.','1d','2025-07-15 00:00:00',209.22,211.89,208.92,209.11,42296300,'2025-07-29 10:05:11','2025-07-29 10:05:11',NULL,NULL),(65,'AAPL','Apple Inc.','1d','2025-07-16 00:00:00',210.29,212.40,208.64,210.16,47490500,'2025-07-29 10:05:11','2025-07-29 10:05:11',0.5021,1.7981),(66,'AAPL','Apple Inc.','1d','2025-07-17 00:00:00',210.57,211.80,209.59,210.02,48068100,'2025-07-29 10:05:11','2025-07-29 10:05:11',-0.0666,1.0516),(67,'AAPL','Apple Inc.','1d','2025-07-18 00:00:00',210.87,211.79,209.70,211.18,48974500,'2025-07-29 10:05:11','2025-07-29 10:05:11',0.5523,0.9951),(68,'AAPL','Apple Inc.','1d','2025-07-21 00:00:00',212.10,215.78,211.63,212.48,51377400,'2025-07-29 10:05:11','2025-07-29 10:05:11',0.6156,1.9651),(69,'AAPL','Apple Inc.','1d','2025-07-22 00:00:00',213.14,214.95,212.23,214.40,46404000,'2025-07-29 10:05:11','2025-07-29 10:05:11',0.9036,1.2801),(70,'AAPL','Apple Inc.','1d','2025-07-23 00:00:00',215.00,215.15,212.41,214.15,46989300,'2025-07-29 10:05:11','2025-07-29 10:05:11',-0.1166,1.2780),(71,'AAPL','Apple Inc.','1d','2025-07-24 00:00:00',213.90,215.69,213.53,213.76,46022600,'2025-07-29 10:05:11','2025-07-29 10:05:11',-0.1821,1.0086),(72,'AAPL','Apple Inc.','1d','2025-07-25 00:00:00',214.70,215.24,213.40,213.88,40268700,'2025-07-29 10:05:11','2025-07-29 10:05:11',0.0561,0.8608),(73,'AAPL','Apple Inc.','1d','2025-07-28 00:00:00',214.03,214.85,213.06,214.05,37858000,'2025-07-29 10:05:11','2025-07-29 10:05:11',0.0795,0.8369),(74,'NVDA','NVIDIA Corporation','1m','2025-07-28 15:50:00',175.99,176.05,175.89,175.91,301420,'2025-07-29 10:06:40','2025-07-29 10:06:40',NULL,NULL),(75,'NVDA','NVIDIA Corporation','1m','2025-07-28 15:51:00',175.90,175.92,175.83,175.87,281443,'2025-07-29 10:06:41','2025-07-29 10:06:41',-0.0227,0.0512),(76,'NVDA','NVIDIA Corporation','1m','2025-07-28 15:52:00',175.87,175.97,175.85,175.95,286442,'2025-07-29 10:06:41','2025-07-29 10:06:41',0.0455,0.0682),(77,'NVDA','NVIDIA Corporation','1m','2025-07-28 15:53:00',175.95,176.04,175.92,176.02,351960,'2025-07-29 10:06:41','2025-07-29 10:06:41',0.0398,0.0682),(78,'NVDA','NVIDIA Corporation','1m','2025-07-28 15:54:00',176.03,176.28,175.99,176.25,846441,'2025-07-29 10:06:41','2025-07-29 10:06:41',0.1307,0.1648),(79,'NVDA','NVIDIA Corporation','1m','2025-07-28 15:55:00',176.24,176.57,176.24,176.57,1433547,'2025-07-29 10:06:41','2025-07-29 10:06:41',0.1816,0.1872),(80,'NVDA','NVIDIA Corporation','1m','2025-07-28 15:56:00',176.57,176.63,176.53,176.59,896258,'2025-07-29 10:06:41','2025-07-29 10:06:41',0.0113,0.0566),(81,'NVDA','NVIDIA Corporation','1m','2025-07-28 15:57:00',176.59,176.71,176.59,176.68,1074084,'2025-07-29 10:06:41','2025-07-29 10:06:41',0.0510,0.0680),(82,'NVDA','NVIDIA Corporation','1m','2025-07-28 15:58:00',176.68,176.76,176.65,176.68,1161198,'2025-07-29 10:06:41','2025-07-29 10:06:41',0.0000,0.0623),(83,'NVDA','NVIDIA Corporation','1m','2025-07-28 15:59:00',176.68,177.00,176.53,176.77,16669194,'2025-07-29 10:06:41','2025-07-29 10:06:41',0.0509,0.2660),(84,'TSLA','Tesla, Inc.','1m','2025-07-28 15:30:00',326.21,326.41,326.08,326.26,137073,'2025-07-29 10:07:33','2025-07-29 10:07:33',NULL,NULL),(85,'TSLA','Tesla, Inc.','1m','2025-07-28 15:31:00',326.26,326.40,326.00,326.39,185417,'2025-07-29 10:07:33','2025-07-29 10:07:33',0.0398,0.1226),(86,'TSLA','Tesla, Inc.','1m','2025-07-28 15:32:00',326.37,326.44,326.24,326.28,101706,'2025-07-29 10:07:33','2025-07-29 10:07:33',-0.0337,0.0613),(87,'TSLA','Tesla, Inc.','1m','2025-07-28 15:33:00',326.28,326.39,325.79,325.86,228647,'2025-07-29 10:07:33','2025-07-29 10:07:33',-0.1287,0.1839),(88,'TSLA','Tesla, Inc.','1m','2025-07-28 15:34:00',325.85,325.99,325.80,325.89,155093,'2025-07-29 10:07:33','2025-07-29 10:07:33',0.0092,0.0583),(89,'TSLA','Tesla, Inc.','1m','2025-07-28 15:35:00',325.93,326.04,325.65,325.66,192197,'2025-07-29 10:07:33','2025-07-29 10:07:33',-0.0706,0.1197),(90,'TSLA','Tesla, Inc.','1m','2025-07-28 15:36:00',325.65,325.79,325.47,325.79,188715,'2025-07-29 10:07:34','2025-07-29 10:07:34',0.0399,0.0983),(91,'TSLA','Tesla, Inc.','1m','2025-07-28 15:37:00',325.80,326.22,325.78,326.00,229983,'2025-07-29 10:07:34','2025-07-29 10:07:34',0.0645,0.1351),(92,'TSLA','Tesla, Inc.','1m','2025-07-28 15:38:00',325.99,326.24,325.80,326.19,167440,'2025-07-29 10:07:34','2025-07-29 10:07:34',0.0583,0.1350),(93,'TSLA','Tesla, Inc.','1m','2025-07-28 15:39:00',326.18,326.36,325.83,326.32,172501,'2025-07-29 10:07:34','2025-07-29 10:07:34',0.0399,0.1625),(94,'TSLA','Tesla, Inc.','1m','2025-07-28 15:40:00',326.33,326.40,325.88,325.99,166766,'2025-07-29 10:07:34','2025-07-29 10:07:34',-0.1011,0.1594),(95,'TSLA','Tesla, Inc.','1m','2025-07-28 15:41:00',326.00,326.25,325.75,325.95,146442,'2025-07-29 10:07:34','2025-07-29 10:07:34',-0.0123,0.1534),(96,'TSLA','Tesla, Inc.','1m','2025-07-28 15:42:00',325.95,326.10,325.80,326.07,106923,'2025-07-29 10:07:34','2025-07-29 10:07:34',0.0368,0.0920),(97,'TSLA','Tesla, Inc.','1m','2025-07-28 15:43:00',326.09,326.44,326.05,326.38,199412,'2025-07-29 10:07:34','2025-07-29 10:07:34',0.0951,0.1196),(98,'TSLA','Tesla, Inc.','1m','2025-07-28 15:44:00',326.37,326.39,325.92,326.11,138559,'2025-07-29 10:07:34','2025-07-29 10:07:34',-0.0827,0.1440),(99,'TSLA','Tesla, Inc.','1m','2025-07-28 15:45:00',326.09,326.14,325.62,325.93,166530,'2025-07-29 10:07:34','2025-07-29 10:07:34',-0.0552,0.1595),(100,'TSLA','Tesla, Inc.','1m','2025-07-28 15:46:00',325.94,326.00,325.66,325.87,112803,'2025-07-29 10:07:35','2025-07-29 10:07:35',-0.0184,0.1043),(101,'TSLA','Tesla, Inc.','1m','2025-07-28 15:47:00',325.89,326.15,325.80,326.02,120995,'2025-07-29 10:07:35','2025-07-29 10:07:35',0.0460,0.1074),(102,'TSLA','Tesla, Inc.','1m','2025-07-28 15:48:00',325.97,326.23,325.94,326.12,136820,'2025-07-29 10:07:35','2025-07-29 10:07:35',0.0307,0.0890),(103,'TSLA','Tesla, Inc.','1m','2025-07-28 15:49:00',326.11,326.33,326.03,326.25,150422,'2025-07-29 10:07:35','2025-07-29 10:07:35',0.0399,0.0920),(104,'TSLA','Tesla, Inc.','1m','2025-07-28 15:50:00',326.25,326.87,326.18,326.45,288930,'2025-07-29 10:07:35','2025-07-29 10:07:35',0.0613,0.2115),(105,'TSLA','Tesla, Inc.','1m','2025-07-28 15:51:00',326.45,326.77,326.21,326.59,222306,'2025-07-29 10:07:35','2025-07-29 10:07:35',0.0429,0.1715),(106,'TSLA','Tesla, Inc.','1m','2025-07-28 15:52:00',326.55,326.99,326.50,326.88,206586,'2025-07-29 10:07:35','2025-07-29 10:07:35',0.0888,0.1500),(107,'TSLA','Tesla, Inc.','1m','2025-07-28 15:53:00',326.89,327.20,326.86,326.89,344126,'2025-07-29 10:07:35','2025-07-29 10:07:35',0.0031,0.1040),(108,'TSLA','Tesla, Inc.','1m','2025-07-28 15:54:00',326.90,326.96,326.59,326.63,264882,'2025-07-29 10:07:35','2025-07-29 10:07:35',-0.0795,0.1132),(109,'TSLA','Tesla, Inc.','1m','2025-07-28 15:55:00',326.65,326.68,325.78,326.07,356785,'2025-07-29 10:07:35','2025-07-29 10:07:35',-0.1714,0.2755),(110,'TSLA','Tesla, Inc.','1m','2025-07-28 15:56:00',326.10,326.27,325.81,325.98,196729,'2025-07-29 10:07:35','2025-07-29 10:07:35',-0.0276,0.1411),(111,'TSLA','Tesla, Inc.','1m','2025-07-28 15:57:00',325.99,326.27,325.88,326.19,262076,'2025-07-29 10:07:36','2025-07-29 10:07:36',0.0644,0.1196),(112,'TSLA','Tesla, Inc.','1m','2025-07-28 15:58:00',326.17,326.20,325.86,325.90,279581,'2025-07-29 10:07:36','2025-07-29 10:07:36',-0.0889,0.1042),(113,'TSLA','Tesla, Inc.','1m','2025-07-28 15:59:00',325.90,325.95,325.34,325.59,4303112,'2025-07-29 10:07:36','2025-07-29 10:07:36',-0.0951,0.1872),(114,'TSLA','Tesla, Inc.','2m','2025-07-28 15:00:00',327.86,327.94,327.35,327.61,224527,'2025-07-29 10:08:33','2025-07-29 10:08:33',NULL,NULL),(115,'TSLA','Tesla, Inc.','2m','2025-07-28 15:02:00',327.58,327.70,327.24,327.36,176532,'2025-07-29 10:08:33','2025-07-29 10:08:33',-0.0763,0.1404),(116,'TSLA','Tesla, Inc.','2m','2025-07-28 15:04:00',327.36,327.75,327.30,327.50,171981,'2025-07-29 10:08:33','2025-07-29 10:08:33',0.0428,0.1375),(117,'TSLA','Tesla, Inc.','2m','2025-07-28 15:06:00',327.52,327.63,327.05,327.37,229406,'2025-07-29 10:08:33','2025-07-29 10:08:33',-0.0397,0.1771),(118,'TSLA','Tesla, Inc.','2m','2025-07-28 15:08:00',327.41,327.52,327.08,327.38,139795,'2025-07-29 10:08:34','2025-07-29 10:08:34',0.0031,0.1344),(119,'TSLA','Tesla, Inc.','2m','2025-07-28 15:10:00',327.39,327.80,327.16,327.79,164270,'2025-07-29 10:08:34','2025-07-29 10:08:34',0.1252,0.1955),(120,'TSLA','Tesla, Inc.','2m','2025-07-28 15:12:00',327.80,328.17,327.65,327.99,256607,'2025-07-29 10:08:34','2025-07-29 10:08:34',0.0610,0.1586),(121,'TSLA','Tesla, Inc.','2m','2025-07-28 15:14:00',327.98,328.16,327.84,328.09,206681,'2025-07-29 10:08:34','2025-07-29 10:08:34',0.0305,0.0976),(122,'TSLA','Tesla, Inc.','2m','2025-07-28 15:16:00',328.09,328.09,327.58,327.63,173232,'2025-07-29 10:08:34','2025-07-29 10:08:34',-0.1402,0.1554),(123,'TSLA','Tesla, Inc.','2m','2025-07-28 15:18:00',327.65,327.81,327.35,327.48,225561,'2025-07-29 10:08:34','2025-07-29 10:08:34',-0.0458,0.1404),(124,'TSLA','Tesla, Inc.','2m','2025-07-28 15:20:00',327.49,327.62,326.94,327.24,271013,'2025-07-29 10:08:34','2025-07-29 10:08:34',-0.0733,0.2076),(125,'TSLA','Tesla, Inc.','2m','2025-07-28 15:22:00',327.21,327.29,326.91,326.92,209350,'2025-07-29 10:08:34','2025-07-29 10:08:34',-0.0978,0.1161),(126,'TSLA','Tesla, Inc.','2m','2025-07-28 15:24:00',326.94,327.00,326.40,326.41,247160,'2025-07-29 10:08:34','2025-07-29 10:08:34',-0.1560,0.1835),(127,'TSLA','Tesla, Inc.','2m','2025-07-28 15:26:00',326.42,326.70,326.24,326.47,351629,'2025-07-29 10:08:34','2025-07-29 10:08:34',0.0184,0.1409),(128,'TSLA','Tesla, Inc.','2m','2025-07-28 15:28:00',326.48,326.51,326.06,326.23,275353,'2025-07-29 10:08:34','2025-07-29 10:08:34',-0.0735,0.1378),(129,'TSLA','Tesla, Inc.','2m','2025-07-28 15:30:00',326.21,326.41,326.00,326.39,322490,'2025-07-29 10:08:34','2025-07-29 10:08:34',0.0490,0.1257),(130,'TSLA','Tesla, Inc.','2m','2025-07-28 15:32:00',326.37,326.44,325.79,325.86,330353,'2025-07-29 10:08:34','2025-07-29 10:08:34',-0.1624,0.1991),(131,'TSLA','Tesla, Inc.','2m','2025-07-28 15:34:00',325.85,326.04,325.65,325.66,347290,'2025-07-29 10:08:34','2025-07-29 10:08:34',-0.0614,0.1197),(132,'TSLA','Tesla, Inc.','2m','2025-07-28 15:36:00',325.65,326.22,325.47,326.00,418698,'2025-07-29 10:08:35','2025-07-29 10:08:35',0.1044,0.2303),(133,'TSLA','Tesla, Inc.','2m','2025-07-28 15:38:00',325.99,326.36,325.80,326.32,339941,'2025-07-29 10:08:35','2025-07-29 10:08:35',0.0982,0.1718),(134,'TSLA','Tesla, Inc.','2m','2025-07-28 15:40:00',326.33,326.40,325.75,325.95,313208,'2025-07-29 10:08:35','2025-07-29 10:08:35',-0.1134,0.1992),(135,'TSLA','Tesla, Inc.','2m','2025-07-28 15:42:00',325.95,326.44,325.80,326.38,306335,'2025-07-29 10:08:35','2025-07-29 10:08:35',0.1319,0.1963),(136,'TSLA','Tesla, Inc.','2m','2025-07-28 15:44:00',326.37,326.39,325.62,325.93,305089,'2025-07-29 10:08:35','2025-07-29 10:08:35',-0.1379,0.2359),(137,'TSLA','Tesla, Inc.','2m','2025-07-28 15:46:00',325.94,326.15,325.66,326.02,233798,'2025-07-29 10:08:35','2025-07-29 10:08:35',0.0276,0.1503),(138,'TSLA','Tesla, Inc.','2m','2025-07-28 15:48:00',325.97,326.33,325.94,326.25,287242,'2025-07-29 10:08:35','2025-07-29 10:08:35',0.0705,0.1196),(139,'TSLA','Tesla, Inc.','2m','2025-07-28 15:50:00',326.25,326.87,326.18,326.59,511236,'2025-07-29 10:08:35','2025-07-29 10:08:35',0.1042,0.2115),(140,'TSLA','Tesla, Inc.','2m','2025-07-28 15:52:00',326.55,327.20,326.50,326.89,550712,'2025-07-29 10:08:35','2025-07-29 10:08:35',0.0919,0.2143),(141,'TSLA','Tesla, Inc.','2m','2025-07-28 15:54:00',326.90,326.96,325.78,326.07,621667,'2025-07-29 10:08:35','2025-07-29 10:08:35',-0.2508,0.3610),(142,'TSLA','Tesla, Inc.','2m','2025-07-28 15:56:00',326.10,326.27,325.81,326.19,458805,'2025-07-29 10:08:35','2025-07-29 10:08:35',0.0368,0.1411),(143,'TSLA','Tesla, Inc.','2m','2025-07-28 15:58:00',326.17,326.20,325.34,325.59,4582693,'2025-07-29 10:08:35','2025-07-29 10:08:35',-0.1839,0.2637),(144,'TSLA','Tesla, Inc.','5m','2025-07-28 13:30:00',328.16,328.81,328.03,328.36,597312,'2025-07-29 10:08:47','2025-07-29 10:08:47',NULL,NULL),(145,'TSLA','Tesla, Inc.','5m','2025-07-28 13:35:00',328.34,328.62,327.84,327.99,487803,'2025-07-29 10:08:47','2025-07-29 10:08:47',-0.1127,0.2375),(146,'TSLA','Tesla, Inc.','5m','2025-07-28 13:40:00',327.97,328.68,327.75,328.47,571109,'2025-07-29 10:08:48','2025-07-29 10:08:48',0.1463,0.2835),(147,'TSLA','Tesla, Inc.','5m','2025-07-28 13:45:00',328.47,329.47,328.25,328.78,770796,'2025-07-29 10:08:48','2025-07-29 10:08:48',0.0944,0.3714),(148,'TSLA','Tesla, Inc.','5m','2025-07-28 13:50:00',328.78,328.82,327.58,327.93,800655,'2025-07-29 10:08:48','2025-07-29 10:08:48',-0.2585,0.3772),(149,'TSLA','Tesla, Inc.','5m','2025-07-28 13:55:00',327.95,327.95,326.57,327.34,952408,'2025-07-29 10:08:48','2025-07-29 10:08:48',-0.1799,0.4208),(150,'TSLA','Tesla, Inc.','5m','2025-07-28 14:00:00',327.35,327.55,326.85,327.34,702267,'2025-07-29 10:08:48','2025-07-29 10:08:48',0.0000,0.2138),(151,'TSLA','Tesla, Inc.','5m','2025-07-28 14:05:00',327.35,327.63,326.88,327.55,547277,'2025-07-29 10:08:48','2025-07-29 10:08:48',0.0642,0.2291),(152,'TSLA','Tesla, Inc.','5m','2025-07-28 14:10:00',327.58,327.59,326.70,327.17,638815,'2025-07-29 10:08:48','2025-07-29 10:08:48',-0.1160,0.2717),(153,'TSLA','Tesla, Inc.','5m','2025-07-28 14:15:00',327.19,327.24,326.70,326.82,431401,'2025-07-29 10:08:48','2025-07-29 10:08:48',-0.1070,0.1651),(154,'TSLA','Tesla, Inc.','5m','2025-07-28 14:20:00',326.87,326.90,326.20,326.31,687417,'2025-07-29 10:08:48','2025-07-29 10:08:48',-0.1560,0.2142),(155,'TSLA','Tesla, Inc.','5m','2025-07-28 14:25:00',326.30,327.10,326.15,326.99,592540,'2025-07-29 10:08:48','2025-07-29 10:08:48',0.2084,0.2911),(156,'TSLA','Tesla, Inc.','5m','2025-07-28 14:30:00',327.02,327.45,327.00,327.36,647636,'2025-07-29 10:08:48','2025-07-29 10:08:48',0.1132,0.1376),(157,'TSLA','Tesla, Inc.','5m','2025-07-28 14:35:00',327.36,328.16,326.98,328.07,739476,'2025-07-29 10:08:48','2025-07-29 10:08:48',0.2169,0.3605),(158,'TSLA','Tesla, Inc.','5m','2025-07-28 14:40:00',328.04,328.22,327.15,327.50,612575,'2025-07-29 10:08:48','2025-07-29 10:08:48',-0.1737,0.3261),(159,'TSLA','Tesla, Inc.','5m','2025-07-28 14:45:00',327.51,327.66,327.26,327.64,330924,'2025-07-29 10:08:49','2025-07-29 10:08:49',0.0427,0.1221),(160,'TSLA','Tesla, Inc.','5m','2025-07-28 14:50:00',327.67,328.37,327.59,327.83,582665,'2025-07-29 10:08:49','2025-07-29 10:08:49',0.0580,0.2381),(161,'TSLA','Tesla, Inc.','5m','2025-07-28 14:55:00',327.83,328.20,327.59,327.90,478184,'2025-07-29 10:08:49','2025-07-29 10:08:49',0.0214,0.1861),(162,'TSLA','Tesla, Inc.','5m','2025-07-28 15:00:00',327.86,327.94,327.24,327.65,496591,'2025-07-29 10:08:49','2025-07-29 10:08:49',-0.0762,0.2135),(163,'TSLA','Tesla, Inc.','5m','2025-07-28 15:05:00',327.64,327.68,327.05,327.38,445650,'2025-07-29 10:08:49','2025-07-29 10:08:49',-0.0824,0.1923),(164,'TSLA','Tesla, Inc.','5m','2025-07-28 15:10:00',327.39,328.17,327.16,327.91,517719,'2025-07-29 10:08:49','2025-07-29 10:08:49',0.1619,0.3085),(165,'TSLA','Tesla, Inc.','5m','2025-07-28 15:15:00',327.90,328.16,327.35,327.48,508632,'2025-07-29 10:08:49','2025-07-29 10:08:49',-0.1311,0.2470),(166,'TSLA','Tesla, Inc.','5m','2025-07-28 15:20:00',327.49,327.62,326.88,326.97,575239,'2025-07-29 10:08:49','2025-07-29 10:08:49',-0.1557,0.2260),(167,'TSLA','Tesla, Inc.','5m','2025-07-28 15:25:00',326.97,326.97,326.06,326.23,779266,'2025-07-29 10:08:49','2025-07-29 10:08:49',-0.2263,0.2783),(168,'TSLA','Tesla, Inc.','5m','2025-07-28 15:30:00',326.21,326.44,325.79,325.89,807936,'2025-07-29 10:08:50','2025-07-29 10:08:50',-0.1042,0.1992),(169,'TSLA','Tesla, Inc.','5m','2025-07-28 15:35:00',325.93,326.36,325.47,326.32,950836,'2025-07-29 10:08:50','2025-07-29 10:08:50',0.1319,0.2731),(170,'TSLA','Tesla, Inc.','5m','2025-07-28 15:40:00',326.33,326.44,325.75,326.11,758102,'2025-07-29 10:08:50','2025-07-29 10:08:50',-0.0644,0.2114),(171,'TSLA','Tesla, Inc.','5m','2025-07-28 15:45:00',326.09,326.33,325.62,326.25,687570,'2025-07-29 10:08:50','2025-07-29 10:08:50',0.0429,0.2177),(172,'TSLA','Tesla, Inc.','5m','2025-07-28 15:50:00',326.25,327.20,326.18,326.63,1326830,'2025-07-29 10:08:50','2025-07-29 10:08:50',0.1165,0.3126),(173,'TSLA','Tesla, Inc.','5m','2025-07-28 15:55:00',326.65,326.68,325.34,325.59,5398283,'2025-07-29 10:08:50','2025-07-29 10:08:50',-0.3184,0.4103),(174,'TSLA','Tesla, Inc.','15m','2025-07-25 15:00:00',315.11,316.06,314.76,315.03,2980981,'2025-07-29 10:09:03','2025-07-29 10:09:03',NULL,NULL),(175,'TSLA','Tesla, Inc.','15m','2025-07-25 15:15:00',315.02,315.97,312.70,314.21,4376552,'2025-07-29 10:09:03','2025-07-29 10:09:03',-0.2603,1.0380),(176,'TSLA','Tesla, Inc.','15m','2025-07-25 15:30:00',314.24,315.68,313.81,315.30,3279892,'2025-07-29 10:09:03','2025-07-29 10:09:03',0.3469,0.5951),(177,'TSLA','Tesla, Inc.','15m','2025-07-25 15:45:00',315.28,316.77,315.06,316.06,8727275,'2025-07-29 10:09:03','2025-07-29 10:09:03',0.2410,0.5423),(178,'TSLA','Tesla, Inc.','15m','2025-07-28 09:30:00',318.45,319.35,315.69,318.82,6146724,'2025-07-29 10:09:03','2025-07-29 10:09:03',0.8733,1.1580),(179,'TSLA','Tesla, Inc.','15m','2025-07-28 09:45:00',318.81,322.50,318.76,321.94,6180497,'2025-07-29 10:09:04','2025-07-29 10:09:04',0.9786,1.1731),(180,'TSLA','Tesla, Inc.','15m','2025-07-28 10:00:00',321.91,324.68,319.91,324.46,5826294,'2025-07-29 10:09:04','2025-07-29 10:09:04',0.7828,1.4816),(181,'TSLA','Tesla, Inc.','15m','2025-07-28 10:15:00',324.44,326.40,323.79,325.14,5572546,'2025-07-29 10:09:04','2025-07-29 10:09:04',0.2096,0.8044),(182,'TSLA','Tesla, Inc.','15m','2025-07-28 10:30:00',325.15,325.60,323.75,323.77,3008245,'2025-07-29 10:09:04','2025-07-29 10:09:04',-0.4214,0.5690),(183,'TSLA','Tesla, Inc.','15m','2025-07-28 10:45:00',323.77,328.23,322.63,328.04,5226775,'2025-07-29 10:09:04','2025-07-29 10:09:04',1.3188,1.7296),(184,'TSLA','Tesla, Inc.','15m','2025-07-28 11:00:00',328.05,328.95,327.02,327.52,4568434,'2025-07-29 10:09:04','2025-07-29 10:09:04',-0.1585,0.5883),(185,'TSLA','Tesla, Inc.','15m','2025-07-28 11:15:00',327.53,328.70,326.60,327.39,3224058,'2025-07-29 10:09:04','2025-07-29 10:09:04',-0.0397,0.6412),(186,'TSLA','Tesla, Inc.','15m','2025-07-28 11:30:00',327.40,328.29,326.75,327.21,2265794,'2025-07-29 10:09:04','2025-07-29 10:09:04',-0.0550,0.4704),(187,'TSLA','Tesla, Inc.','15m','2025-07-28 11:45:00',327.24,329.50,327.06,328.77,3560059,'2025-07-29 10:09:04','2025-07-29 10:09:04',0.4768,0.7457),(188,'TSLA','Tesla, Inc.','15m','2025-07-28 12:00:00',328.79,328.97,327.03,328.95,2592936,'2025-07-29 10:09:04','2025-07-29 10:09:04',0.0547,0.5901),(189,'TSLA','Tesla, Inc.','15m','2025-07-28 12:15:00',328.96,330.49,328.59,328.97,3827041,'2025-07-29 10:09:04','2025-07-29 10:09:04',0.0061,0.5776),(190,'TSLA','Tesla, Inc.','15m','2025-07-28 12:30:00',328.98,329.31,327.85,328.89,2300913,'2025-07-29 10:09:04','2025-07-29 10:09:04',-0.0243,0.4438),(191,'TSLA','Tesla, Inc.','15m','2025-07-28 12:45:00',328.86,329.30,328.53,328.64,1633847,'2025-07-29 10:09:05','2025-07-29 10:09:05',-0.0760,0.2341),(192,'TSLA','Tesla, Inc.','15m','2025-07-28 13:00:00',328.64,328.86,326.90,327.77,2301046,'2025-07-29 10:09:05','2025-07-29 10:09:05',-0.2647,0.5964),(193,'TSLA','Tesla, Inc.','15m','2025-07-28 13:15:00',327.78,328.30,327.05,328.15,1872484,'2025-07-29 10:09:05','2025-07-29 10:09:05',0.1159,0.3814),(194,'TSLA','Tesla, Inc.','15m','2025-07-28 13:30:00',328.16,328.81,327.75,328.47,1656224,'2025-07-29 10:09:05','2025-07-29 10:09:05',0.0975,0.3230),(195,'TSLA','Tesla, Inc.','15m','2025-07-28 13:45:00',328.47,329.47,326.57,327.34,2523859,'2025-07-29 10:09:05','2025-07-29 10:09:05',-0.3440,0.8829),(196,'TSLA','Tesla, Inc.','15m','2025-07-28 14:00:00',327.35,327.63,326.70,327.17,1888359,'2025-07-29 10:09:05','2025-07-29 10:09:05',-0.0519,0.2841),(197,'TSLA','Tesla, Inc.','15m','2025-07-28 14:15:00',327.19,327.24,326.15,326.99,1711358,'2025-07-29 10:09:05','2025-07-29 10:09:05',-0.0550,0.3332),(198,'TSLA','Tesla, Inc.','15m','2025-07-28 14:30:00',327.02,328.22,326.98,327.50,1999687,'2025-07-29 10:09:05','2025-07-29 10:09:05',0.1560,0.3792),(199,'TSLA','Tesla, Inc.','15m','2025-07-28 14:45:00',327.51,328.37,327.26,327.90,1391773,'2025-07-29 10:09:05','2025-07-29 10:09:05',0.1221,0.3389),(200,'TSLA','Tesla, Inc.','15m','2025-07-28 15:00:00',327.86,328.17,327.05,327.91,1459960,'2025-07-29 10:09:05','2025-07-29 10:09:05',0.0030,0.3416),(201,'TSLA','Tesla, Inc.','15m','2025-07-28 15:15:00',327.90,328.16,326.06,326.23,1863137,'2025-07-29 10:09:05','2025-07-29 10:09:05',-0.5123,0.6404),(202,'TSLA','Tesla, Inc.','15m','2025-07-28 15:30:00',326.21,326.44,325.47,326.11,2516874,'2025-07-29 10:09:05','2025-07-29 10:09:05',-0.0368,0.2973),(203,'TSLA','Tesla, Inc.','15m','2025-07-28 15:45:00',326.09,327.20,325.34,325.59,7412683,'2025-07-29 10:09:05','2025-07-29 10:09:05',-0.1595,0.5704),(204,'TSLA','Tesla, Inc.','30m','2025-07-24 14:00:00',303.03,303.93,302.18,303.82,3632913,'2025-07-29 10:09:15','2025-07-29 10:09:15',NULL,NULL),(205,'TSLA','Tesla, Inc.','30m','2025-07-24 14:30:00',303.82,304.74,303.55,304.47,3600504,'2025-07-29 10:09:15','2025-07-29 10:09:15',0.2139,0.3917),(206,'TSLA','Tesla, Inc.','30m','2025-07-24 15:00:00',304.47,306.71,304.31,306.65,5610720,'2025-07-29 10:09:15','2025-07-29 10:09:15',0.7160,0.7883),(207,'TSLA','Tesla, Inc.','30m','2025-07-24 15:30:00',306.64,307.48,305.00,305.30,15614042,'2025-07-29 10:09:15','2025-07-29 10:09:15',-0.4402,0.8087),(208,'TSLA','Tesla, Inc.','30m','2025-07-25 09:30:00',308.74,312.75,308.01,311.82,13912139,'2025-07-29 10:09:15','2025-07-29 10:09:15',2.1356,1.5526),(209,'TSLA','Tesla, Inc.','30m','2025-07-25 10:00:00',311.88,314.53,311.85,313.65,9186303,'2025-07-29 10:09:15','2025-07-29 10:09:15',0.5869,0.8595),(210,'TSLA','Tesla, Inc.','30m','2025-07-25 10:30:00',313.68,315.20,312.13,315.07,6603183,'2025-07-29 10:09:16','2025-07-29 10:09:16',0.4527,0.9788),(211,'TSLA','Tesla, Inc.','30m','2025-07-25 11:00:00',315.05,318.73,314.10,318.44,8983356,'2025-07-29 10:09:16','2025-07-29 10:09:16',1.0696,1.4695),(212,'TSLA','Tesla, Inc.','30m','2025-07-25 11:30:00',318.43,320.87,317.77,319.69,10192161,'2025-07-29 10:09:16','2025-07-29 10:09:16',0.3925,0.9735),(213,'TSLA','Tesla, Inc.','30m','2025-07-25 12:00:00',319.67,323.63,319.60,323.29,8731639,'2025-07-29 10:09:16','2025-07-29 10:09:16',1.1261,1.2606),(214,'TSLA','Tesla, Inc.','30m','2025-07-25 12:30:00',323.29,323.30,320.23,320.60,7567712,'2025-07-29 10:09:16','2025-07-29 10:09:16',-0.8321,0.9496),(215,'TSLA','Tesla, Inc.','30m','2025-07-25 13:00:00',320.56,320.65,317.00,317.81,8263029,'2025-07-29 10:09:16','2025-07-29 10:09:16',-0.8702,1.1385),(216,'TSLA','Tesla, Inc.','30m','2025-07-25 13:30:00',317.79,318.46,316.50,316.79,5819665,'2025-07-29 10:09:16','2025-07-29 10:09:16',-0.3209,0.6167),(217,'TSLA','Tesla, Inc.','30m','2025-07-25 14:00:00',316.82,318.58,315.35,318.39,7096342,'2025-07-29 10:09:16','2025-07-29 10:09:16',0.5051,1.0196),(218,'TSLA','Tesla, Inc.','30m','2025-07-25 14:30:00',318.37,318.51,314.71,315.12,5995115,'2025-07-29 10:09:16','2025-07-29 10:09:16',-1.0270,1.1935),(219,'TSLA','Tesla, Inc.','30m','2025-07-25 15:00:00',315.11,316.06,312.70,314.21,7357533,'2025-07-29 10:09:16','2025-07-29 10:09:16',-0.2888,1.0663),(220,'TSLA','Tesla, Inc.','30m','2025-07-25 15:30:00',314.24,316.77,313.81,316.06,12007167,'2025-07-29 10:09:16','2025-07-29 10:09:16',0.5888,0.9420),(221,'TSLA','Tesla, Inc.','30m','2025-07-28 09:30:00',318.45,322.50,315.69,321.94,12327221,'2025-07-29 10:09:16','2025-07-29 10:09:16',1.8604,2.1547),(222,'TSLA','Tesla, Inc.','30m','2025-07-28 10:00:00',321.91,326.40,319.91,325.14,11398840,'2025-07-29 10:09:16','2025-07-29 10:09:16',0.9940,2.0159),(223,'TSLA','Tesla, Inc.','30m','2025-07-28 10:30:00',325.15,328.23,322.63,328.04,8235020,'2025-07-29 10:09:16','2025-07-29 10:09:16',0.8919,1.7223),(224,'TSLA','Tesla, Inc.','30m','2025-07-28 11:00:00',328.05,328.95,326.60,327.39,7792492,'2025-07-29 10:09:16','2025-07-29 10:09:16',-0.1981,0.7164),(225,'TSLA','Tesla, Inc.','30m','2025-07-28 11:30:00',327.40,329.50,326.75,328.77,5825853,'2025-07-29 10:09:16','2025-07-29 10:09:16',0.4215,0.8400),(226,'TSLA','Tesla, Inc.','30m','2025-07-28 12:00:00',328.79,330.49,327.03,328.97,6419977,'2025-07-29 10:09:17','2025-07-29 10:09:17',0.0608,1.0524),(227,'TSLA','Tesla, Inc.','30m','2025-07-28 12:30:00',328.98,329.31,327.85,328.64,3934760,'2025-07-29 10:09:17','2025-07-29 10:09:17',-0.1003,0.4438),(228,'TSLA','Tesla, Inc.','30m','2025-07-28 13:00:00',328.64,328.86,326.90,328.15,4173530,'2025-07-29 10:09:17','2025-07-29 10:09:17',-0.1491,0.5964),(229,'TSLA','Tesla, Inc.','30m','2025-07-28 13:30:00',328.16,329.47,326.57,327.34,4180083,'2025-07-29 10:09:17','2025-07-29 10:09:17',-0.2468,0.8837),(230,'TSLA','Tesla, Inc.','30m','2025-07-28 14:00:00',327.35,327.63,326.15,326.99,3599717,'2025-07-29 10:09:17','2025-07-29 10:09:17',-0.1069,0.4521),(231,'TSLA','Tesla, Inc.','30m','2025-07-28 14:30:00',327.02,328.37,326.98,327.90,3391460,'2025-07-29 10:09:17','2025-07-29 10:09:17',0.2783,0.4251),(232,'TSLA','Tesla, Inc.','30m','2025-07-28 15:00:00',327.86,328.17,326.06,326.23,3323097,'2025-07-29 10:09:17','2025-07-29 10:09:17',-0.5093,0.6435),(233,'TSLA','Tesla, Inc.','30m','2025-07-28 15:30:00',326.21,327.20,325.34,325.59,9929557,'2025-07-29 10:09:17','2025-07-29 10:09:17',-0.1962,0.5701),(234,'TSLA','Tesla, Inc.','1h','2025-07-22 14:00:00',331.68,335.26,329.83,335.26,9834676,'2025-07-29 10:09:27','2025-07-29 10:09:27',NULL,NULL),(235,'TSLA','Tesla, Inc.','1h','2025-07-22 15:00:00',335.21,335.41,332.00,332.11,10655300,'2025-07-29 10:09:27','2025-07-29 10:09:27',-0.9396,1.0171),(236,'TSLA','Tesla, Inc.','1h','2025-07-23 09:00:00',330.90,334.23,329.01,333.01,7771165,'2025-07-29 10:09:27','2025-07-29 10:09:27',0.2710,1.5718),(237,'TSLA','Tesla, Inc.','1h','2025-07-23 10:00:00',333.01,334.60,332.20,333.75,8902553,'2025-07-29 10:09:27','2025-07-29 10:09:27',0.2222,0.7207),(238,'TSLA','Tesla, Inc.','1h','2025-07-23 11:00:00',333.73,336.20,332.08,333.74,7531118,'2025-07-29 10:09:28','2025-07-29 10:09:28',-0.0030,1.2345),(239,'TSLA','Tesla, Inc.','1h','2025-07-23 12:00:00',333.70,334.95,331.91,332.09,5922131,'2025-07-29 10:09:28','2025-07-29 10:09:28',-0.4944,0.9109),(240,'TSLA','Tesla, Inc.','1h','2025-07-23 13:00:00',332.08,332.58,328.67,330.98,8849318,'2025-07-29 10:09:28','2025-07-29 10:09:28',-0.3342,1.1774),(241,'TSLA','Tesla, Inc.','1h','2025-07-23 14:00:00',330.99,335.70,330.80,333.08,8326018,'2025-07-29 10:09:28','2025-07-29 10:09:28',0.6345,1.4805),(242,'TSLA','Tesla, Inc.','1h','2025-07-23 15:00:00',333.12,334.35,332.08,332.56,10234004,'2025-07-29 10:09:28','2025-07-29 10:09:28',-0.1561,0.6815),(243,'TSLA','Tesla, Inc.','1h','2025-07-24 09:00:00',310.00,310.15,301.00,307.00,27008828,'2025-07-29 10:09:28','2025-07-29 10:09:28',-7.6858,2.7514),(244,'TSLA','Tesla, Inc.','1h','2025-07-24 10:00:00',307.02,307.78,302.61,303.54,18572851,'2025-07-29 10:09:28','2025-07-29 10:09:28',-1.1270,1.6840),(245,'TSLA','Tesla, Inc.','1h','2025-07-24 11:00:00',303.54,303.95,301.31,302.87,12796039,'2025-07-29 10:09:28','2025-07-29 10:09:28',-0.2207,0.8697),(246,'TSLA','Tesla, Inc.','1h','2025-07-24 12:00:00',302.87,302.99,300.41,302.75,10351413,'2025-07-29 10:09:28','2025-07-29 10:09:28',-0.0396,0.8519),(247,'TSLA','Tesla, Inc.','1h','2025-07-24 13:00:00',302.75,305.76,302.25,303.04,10583426,'2025-07-29 10:09:28','2025-07-29 10:09:28',0.0958,1.1594),(248,'TSLA','Tesla, Inc.','1h','2025-07-24 14:00:00',303.03,304.74,302.18,304.47,7233417,'2025-07-29 10:09:28','2025-07-29 10:09:28',0.4719,0.8448),(249,'TSLA','Tesla, Inc.','1h','2025-07-24 15:00:00',304.47,307.48,304.31,305.30,21224762,'2025-07-29 10:09:28','2025-07-29 10:09:28',0.2726,1.0412),(250,'TSLA','Tesla, Inc.','1h','2025-07-25 09:00:00',308.74,312.75,308.01,311.82,13912139,'2025-07-29 10:09:28','2025-07-29 10:09:28',2.1356,1.5526),(251,'TSLA','Tesla, Inc.','1h','2025-07-25 10:00:00',311.88,315.20,311.85,315.07,15789486,'2025-07-29 10:09:29','2025-07-29 10:09:29',1.0423,1.0743),(252,'TSLA','Tesla, Inc.','1h','2025-07-25 11:00:00',315.05,320.87,314.10,319.69,19175517,'2025-07-29 10:09:29','2025-07-29 10:09:29',1.4663,2.1487),(253,'TSLA','Tesla, Inc.','1h','2025-07-25 12:00:00',319.67,323.63,319.60,320.60,16299351,'2025-07-29 10:09:29','2025-07-29 10:09:29',0.2847,1.2606),(254,'TSLA','Tesla, Inc.','1h','2025-07-25 13:00:00',320.56,320.65,316.50,316.79,14082694,'2025-07-29 10:09:29','2025-07-29 10:09:29',-1.1884,1.2944),(255,'TSLA','Tesla, Inc.','1h','2025-07-25 14:00:00',316.82,318.58,314.71,315.12,13091457,'2025-07-29 10:09:29','2025-07-29 10:09:29',-0.5272,1.2216),(256,'TSLA','Tesla, Inc.','1h','2025-07-25 15:00:00',315.11,316.77,312.70,316.06,19364700,'2025-07-29 10:09:29','2025-07-29 10:09:29',0.2983,1.2916),(257,'TSLA','Tesla, Inc.','1h','2025-07-28 09:00:00',318.45,322.50,315.69,321.94,12327221,'2025-07-29 10:09:29','2025-07-29 10:09:29',1.8604,2.1547),(258,'TSLA','Tesla, Inc.','1h','2025-07-28 10:00:00',321.91,328.23,319.91,328.04,19633860,'2025-07-29 10:09:29','2025-07-29 10:09:29',1.8948,2.5843),(259,'TSLA','Tesla, Inc.','1h','2025-07-28 11:00:00',328.05,329.50,326.60,328.77,13618345,'2025-07-29 10:09:29','2025-07-29 10:09:29',0.2225,0.8840),(260,'TSLA','Tesla, Inc.','1h','2025-07-28 12:00:00',328.79,330.49,327.03,328.64,10354737,'2025-07-29 10:09:29','2025-07-29 10:09:29',-0.0395,1.0524),(261,'TSLA','Tesla, Inc.','1h','2025-07-28 13:00:00',328.64,329.47,326.57,327.34,8353613,'2025-07-29 10:09:29','2025-07-29 10:09:29',-0.3956,0.8824),(262,'TSLA','Tesla, Inc.','1h','2025-07-28 14:00:00',327.35,328.37,326.15,327.90,6991177,'2025-07-29 10:09:29','2025-07-29 10:09:29',0.1711,0.6782),(263,'TSLA','Tesla, Inc.','1h','2025-07-28 15:00:00',327.86,328.17,325.34,325.59,13252654,'2025-07-29 10:09:29','2025-07-29 10:09:29',-0.7045,0.8631),(264,'TSLA','Tesla, Inc.','1d','2025-06-13 00:00:00',313.97,332.99,313.30,325.31,128964200,'2025-07-29 10:10:57','2025-07-29 10:10:57',NULL,NULL),(265,'TSLA','Tesla, Inc.','1d','2025-06-16 00:00:00',331.29,332.05,326.41,329.13,83875400,'2025-07-29 10:10:57','2025-07-29 10:10:57',1.1743,1.7337),(266,'TSLA','Tesla, Inc.','1d','2025-06-17 00:00:00',326.09,327.26,314.74,316.35,88184900,'2025-07-29 10:10:57','2025-07-29 10:10:57',-3.8830,3.8040),(267,'TSLA','Tesla, Inc.','1d','2025-06-18 00:00:00',317.31,329.32,315.45,322.05,95137600,'2025-07-29 10:10:57','2025-07-29 10:10:57',1.8018,4.3844),(268,'TSLA','Tesla, Inc.','1d','2025-06-20 00:00:00',327.95,332.36,317.78,322.16,108688000,'2025-07-29 10:10:57','2025-07-29 10:10:57',0.0342,4.5272),(269,'TSLA','Tesla, Inc.','1d','2025-06-23 00:00:00',327.54,357.54,327.48,348.68,190694100,'2025-07-29 10:10:57','2025-07-29 10:10:57',8.2319,9.3308),(270,'TSLA','Tesla, Inc.','1d','2025-06-24 00:00:00',356.17,356.26,340.44,340.47,114736200,'2025-07-29 10:10:58','2025-07-29 10:10:58',-2.3546,4.5371),(271,'TSLA','Tesla, Inc.','1d','2025-06-25 00:00:00',342.70,343.00,320.40,327.55,119845000,'2025-07-29 10:10:58','2025-07-29 10:10:58',-3.7948,6.6379),(272,'TSLA','Tesla, Inc.','1d','2025-06-26 00:00:00',324.61,331.05,323.61,325.78,80440900,'2025-07-29 10:10:58','2025-07-29 10:10:58',-0.5404,2.2714),(273,'TSLA','Tesla, Inc.','1d','2025-06-27 00:00:00',324.51,329.34,317.50,323.63,89067000,'2025-07-29 10:10:58','2025-07-29 10:10:58',-0.6600,3.6344),(274,'TSLA','Tesla, Inc.','1d','2025-06-30 00:00:00',319.90,325.58,316.60,317.66,76695000,'2025-07-29 10:10:58','2025-07-29 10:10:58',-1.8447,2.7748),(275,'TSLA','Tesla, Inc.','1d','2025-07-01 00:00:00',298.46,305.89,293.21,300.71,145085600,'2025-07-29 10:10:58','2025-07-29 10:10:58',-5.3359,3.9917),(276,'TSLA','Tesla, Inc.','1d','2025-07-02 00:00:00',312.63,316.83,303.82,315.65,119483700,'2025-07-29 10:10:58','2025-07-29 10:10:58',4.9682,4.3264),(277,'TSLA','Tesla, Inc.','1d','2025-07-03 00:00:00',317.99,318.45,312.76,315.35,58042300,'2025-07-29 10:10:58','2025-07-29 10:10:58',-0.0950,1.8026),(278,'TSLA','Tesla, Inc.','1d','2025-07-07 00:00:00',291.37,296.15,288.77,293.94,131177900,'2025-07-29 10:10:58','2025-07-29 10:10:58',-6.7893,2.3403),(279,'TSLA','Tesla, Inc.','1d','2025-07-08 00:00:00',297.00,304.05,294.35,297.81,103246700,'2025-07-29 10:10:58','2025-07-29 10:10:58',1.3166,3.3000),(280,'TSLA','Tesla, Inc.','1d','2025-07-09 00:00:00',297.55,300.15,293.55,295.88,75586700,'2025-07-29 10:10:58','2025-07-29 10:10:58',-0.6481,2.2162),(281,'TSLA','Tesla, Inc.','1d','2025-07-10 00:00:00',300.05,310.48,300.00,309.87,104365200,'2025-07-29 10:10:58','2025-07-29 10:10:58',4.7283,3.5420),(282,'TSLA','Tesla, Inc.','1d','2025-07-11 00:00:00',307.89,314.09,305.65,313.51,79236400,'2025-07-29 10:10:59','2025-07-29 10:10:59',1.1747,2.7237),(293,'TSLA','Tesla, Inc.','1d','2025-07-28 00:00:00',318.45,330.49,315.69,325.59,112673700,'2025-07-29 10:10:59','2025-07-29 10:10:59',3.0153,4.6827),(294,'TSLA','Tesla, Inc.','1wk','2025-01-06 00:00:00',423.20,426.43,377.29,394.74,74135525,'2025-07-29 10:11:20','2025-07-29 10:11:20',NULL,NULL),(295,'TSLA','Tesla, Inc.','1wk','2025-01-13 00:00:00',383.21,439.74,380.07,426.50,79369460,'2025-07-29 10:11:20','2025-07-29 10:11:20',8.0458,15.1163),(296,'TSLA','Tesla, Inc.','1wk','2025-01-20 00:00:00',432.64,433.20,405.78,406.58,63850450,'2025-07-29 10:11:21','2025-07-29 10:11:21',-4.6706,6.4291),(297,'TSLA','Tesla, Inc.','1wk','2025-01-27 00:00:00',394.80,419.99,384.41,404.60,71346140,'2025-07-29 10:11:21','2025-07-29 10:11:21',-0.4870,8.7510),(298,'TSLA','Tesla, Inc.','1wk','2025-02-03 00:00:00',386.68,394.00,360.34,361.62,71326360,'2025-07-29 10:11:21','2025-07-29 10:11:21',-10.6228,8.3193),(299,'TSLA','Tesla, Inc.','1wk','2025-02-10 00:00:00',356.21,362.70,325.10,355.84,91831940,'2025-07-29 10:11:21','2025-07-29 10:11:21',-1.5984,10.3977),(300,'TSLA','Tesla, Inc.','1wk','2025-02-17 00:00:00',355.01,367.34,334.42,337.80,59687475,'2025-07-29 10:11:22','2025-07-29 10:11:22',-5.0697,9.2513),(301,'TSLA','Tesla, Inc.','1wk','2025-02-24 00:00:00',338.14,342.40,273.60,292.98,105568840,'2025-07-29 10:11:22','2025-07-29 10:11:22',-13.2682,20.3671),(302,'TSLA','Tesla, Inc.','1wk','2025-03-03 00:00:00',300.34,303.94,250.73,262.67,107497781,'2025-07-29 10:11:22','2025-07-29 10:11:22',-10.3454,18.1616),(303,'TSLA','Tesla, Inc.','1wk','2025-03-10 00:00:00',252.54,253.37,217.02,249.98,144248920,'2025-07-29 10:11:22','2025-07-29 10:11:22',-4.8312,13.8387),(304,'TSLA','Tesla, Inc.','1wk','2025-03-17 00:00:00',245.05,249.52,222.28,248.71,113425720,'2025-07-29 10:11:22','2025-07-29 10:11:22',-0.5080,10.8969),(305,'TSLA','Tesla, Inc.','1wk','2025-03-24 00:00:00',258.08,291.85,256.33,263.55,152415420,'2025-07-29 10:11:22','2025-07-29 10:11:22',5.9668,14.2817),(306,'TSLA','Tesla, Inc.','1wk','2025-03-31 00:00:00',249.31,284.99,236.00,239.43,162137420,'2025-07-29 10:11:22','2025-07-29 10:11:22',-9.1520,18.5885),(307,'TSLA','Tesla, Inc.','1wk','2025-04-07 00:00:00',223.78,274.69,214.25,252.31,176991680,'2025-07-29 10:11:22','2025-07-29 10:11:22',5.3794,25.2433),(308,'TSLA','Tesla, Inc.','1wk','2025-04-14 00:00:00',258.36,261.80,233.89,241.37,93878225,'2025-07-29 10:11:22','2025-07-29 10:11:22',-4.3359,11.0618),(309,'TSLA','Tesla, Inc.','1wk','2025-04-21 00:00:00',230.26,286.85,222.79,284.95,126191700,'2025-07-29 10:11:22','2025-07-29 10:11:22',18.0553,26.5402),(310,'TSLA','Tesla, Inc.','1wk','2025-04-28 00:00:00',288.98,294.86,270.78,287.21,120742540,'2025-07-29 10:11:23','2025-07-29 10:11:23',0.7931,8.4506),(311,'TSLA','Tesla, Inc.','1wk','2025-05-05 00:00:00',284.57,307.04,271.00,298.26,94627860,'2025-07-29 10:11:23','2025-07-29 10:11:23',3.8474,12.5483),(312,'TSLA','Tesla, Inc.','1wk','2025-05-12 00:00:00',321.99,351.62,311.50,349.98,116118900,'2025-07-29 10:11:23','2025-07-29 10:11:23',17.3406,13.4514),(313,'TSLA','Tesla, Inc.','1wk','2025-05-19 00:00:00',336.30,354.99,331.39,339.34,100941660,'2025-07-29 10:11:23','2025-07-29 10:11:23',-3.0402,6.7432),(314,'TSLA','Tesla, Inc.','1wk','2025-05-26 00:00:00',347.35,367.71,345.29,346.46,105886250,'2025-07-29 10:11:23','2025-07-29 10:11:23',2.0982,6.6069),(315,'TSLA','Tesla, Inc.','1wk','2025-06-02 00:00:00',343.50,355.40,273.21,295.14,147535300,'2025-07-29 10:11:23','2025-07-29 10:11:23',-14.8127,23.7228),(316,'TSLA','Tesla, Inc.','1wk','2025-06-09 00:00:00',285.95,335.50,281.85,325.31,129758780,'2025-07-29 10:11:23','2025-07-29 10:11:23',10.2223,18.1778),(317,'TSLA','Tesla, Inc.','1wk','2025-06-16 00:00:00',331.29,332.36,314.74,322.16,93971475,'2025-07-29 10:11:23','2025-07-29 10:11:23',-0.9683,5.4164),(318,'TSLA','Tesla, Inc.','1wk','2025-06-23 00:00:00',327.54,357.54,317.50,323.63,118956640,'2025-07-29 10:11:23','2025-07-29 10:11:23',0.4563,12.4286),(319,'TSLA','Tesla, Inc.','1wk','2025-06-30 00:00:00',319.90,325.58,293.21,315.35,99826650,'2025-07-29 10:11:23','2025-07-29 10:11:23',-2.5585,10.0022),(320,'TSLA','Tesla, Inc.','1wk','2025-07-07 00:00:00',291.37,314.09,288.77,313.51,98722580,'2025-07-29 10:11:23','2025-07-29 10:11:23',-0.5835,8.0292),(321,'TSLA','Tesla, Inc.','1wk','2025-07-14 00:00:00',317.73,330.90,310.50,329.65,84212420,'2025-07-29 10:11:23','2025-07-29 10:11:23',5.1482,6.5070),(322,'TSLA','Tesla, Inc.','1wk','2025-07-21 00:00:00',334.40,338.00,300.41,316.06,110177160,'2025-07-29 10:11:23','2025-07-29 10:11:23',-4.1226,11.4030),(323,'TSLA','Tesla, Inc.','1wk','2025-07-28 00:00:00',318.45,330.49,315.69,325.59,112673700,'2025-07-29 10:11:23','2025-07-29 10:11:23',3.0153,4.6827),(324,'TSLA','Tesla, Inc.','1mo','2023-02-01 00:00:00',173.89,217.65,169.93,205.71,190839305,'2025-07-29 10:11:33','2025-07-29 10:11:33',NULL,NULL),(325,'TSLA','Tesla, Inc.','1mo','2023-03-01 00:00:00',206.21,207.79,163.91,207.46,144043088,'2025-07-29 10:11:33','2025-07-29 10:11:33',0.8507,21.3310),(326,'TSLA','Tesla, Inc.','1mo','2023-04-01 00:00:00',199.91,202.69,152.37,164.31,131851331,'2025-07-29 10:11:34','2025-07-29 10:11:34',-20.7992,24.2553),(327,'TSLA','Tesla, Inc.','1mo','2023-05-01 00:00:00',163.17,204.48,158.83,203.93,121936609,'2025-07-29 10:11:34','2025-07-29 10:11:34',24.1130,27.7828),(328,'TSLA','Tesla, Inc.','1mo','2023-06-01 00:00:00',202.59,276.99,199.37,261.77,163956714,'2025-07-29 10:11:34','2025-07-29 10:11:34',28.3627,38.0621),(329,'TSLA','Tesla, Inc.','1mo','2023-07-01 00:00:00',276.49,299.29,254.12,267.43,119713700,'2025-07-29 10:11:34','2025-07-29 10:11:34',2.1622,17.2556),(330,'TSLA','Tesla, Inc.','1mo','2023-08-01 00:00:00',266.26,266.47,212.36,258.08,108837073,'2025-07-29 10:11:34','2025-07-29 10:11:34',-3.4962,20.2333),(331,'TSLA','Tesla, Inc.','1mo','2023-09-01 00:00:00',257.26,278.98,234.58,250.22,122031635,'2025-07-29 10:11:34','2025-07-29 10:11:34',-3.0456,17.2040),(332,'TSLA','Tesla, Inc.','1mo','2023-10-01 00:00:00',244.81,268.94,194.07,200.84,117783777,'2025-07-29 10:11:34','2025-07-29 10:11:34',-19.7346,29.9217),(333,'TSLA','Tesla, Inc.','1mo','2023-11-01 00:00:00',204.04,252.75,197.85,240.08,126285700,'2025-07-29 10:11:34','2025-07-29 10:11:34',19.5379,27.3352),(334,'TSLA','Tesla, Inc.','1mo','2023-12-01 00:00:00',233.14,265.13,228.20,248.48,114775420,'2025-07-29 10:11:34','2025-07-29 10:11:34',3.4988,15.3824),(335,'TSLA','Tesla, Inc.','1mo','2024-01-01 00:00:00',250.08,251.25,180.06,187.29,111629185,'2025-07-29 10:11:34','2025-07-29 10:11:34',-24.6257,28.6502),(336,'TSLA','Tesla, Inc.','1mo','2024-02-01 00:00:00',188.50,205.60,175.01,201.88,101009365,'2025-07-29 10:11:34','2025-07-29 10:11:34',7.7901,16.3330),(337,'TSLA','Tesla, Inc.','1mo','2024-03-01 00:00:00',200.52,204.52,160.51,175.79,94984884,'2025-07-29 10:11:34','2025-07-29 10:11:34',-12.9235,21.8001),(338,'TSLA','Tesla, Inc.','1mo','2024-04-01 00:00:00',176.17,198.87,138.80,183.28,112806022,'2025-07-29 10:11:34','2025-07-29 10:11:34',4.2608,34.1715),(339,'TSLA','Tesla, Inc.','1mo','2024-05-01 00:00:00',182.00,187.56,167.75,178.08,75831127,'2025-07-29 10:11:34','2025-07-29 10:11:34',-2.8372,10.8086),(340,'TSLA','Tesla, Inc.','1mo','2024-06-01 00:00:00',178.13,203.20,167.41,197.88,74054542,'2025-07-29 10:11:34','2025-07-29 10:11:34',11.1186,20.0977),(341,'TSLA','Tesla, Inc.','1mo','2024-07-01 00:00:00',201.02,271.00,200.85,232.07,133938409,'2025-07-29 10:11:34','2025-07-29 10:11:34',17.2781,35.4508),(342,'TSLA','Tesla, Inc.','1mo','2024-08-01 00:00:00',227.69,231.87,182.00,214.11,73562363,'2025-07-29 10:11:35','2025-07-29 10:11:35',-7.7390,21.4892),(343,'TSLA','Tesla, Inc.','1mo','2024-09-01 00:00:00',215.26,264.86,209.64,261.63,80572010,'2025-07-29 10:11:35','2025-07-29 10:11:35',22.1942,25.7905),(344,'TSLA','Tesla, Inc.','1mo','2024-10-01 00:00:00',262.67,273.54,212.11,249.85,83085200,'2025-07-29 10:11:35','2025-07-29 10:11:35',-4.5025,23.4797),(345,'TSLA','Tesla, Inc.','1mo','2024-11-01 00:00:00',252.04,361.93,238.88,345.16,104595362,'2025-07-29 10:11:35','2025-07-29 10:11:35',38.1469,49.2495),(346,'TSLA','Tesla, Inc.','1mo','2024-12-01 00:00:00',352.38,488.54,348.20,403.84,90649352,'2025-07-29 10:11:35','2025-07-29 10:11:35',17.0008,40.6594),(347,'TSLA','Tesla, Inc.','1mo','2025-01-01 00:00:00',390.10,439.74,373.04,404.60,75532795,'2025-07-29 10:11:35','2025-07-29 10:11:35',0.1882,16.5164),(348,'TSLA','Tesla, Inc.','1mo','2025-02-01 00:00:00',386.68,394.00,273.60,292.98,83283452,'2025-07-29 10:11:35','2025-07-29 10:11:35',-27.5877,29.7578),(349,'TSLA','Tesla, Inc.','1mo','2025-03-01 00:00:00',300.34,303.94,217.02,259.16,129616576,'2025-07-29 10:11:35','2025-07-29 10:11:35',-11.5435,29.6676),(350,'TSLA','Tesla, Inc.','1mo','2025-04-01 00:00:00',263.80,294.86,214.25,282.16,140843200,'2025-07-29 10:11:35','2025-07-29 10:11:35',8.8748,31.1043),(351,'TSLA','Tesla, Inc.','1mo','2025-05-01 00:00:00',280.01,367.71,271.00,346.46,104576219,'2025-07-29 10:11:35','2025-07-29 10:11:35',22.7885,34.2749),(352,'TSLA','Tesla, Inc.','1mo','2025-06-01 00:00:00',343.50,357.54,273.21,317.66,121691725,'2025-07-29 10:11:35','2025-07-29 10:11:35',-8.3126,24.3405),(353,'TSLA','Tesla, Inc.','1mo','2025-07-01 00:00:00',298.46,338.00,288.77,325.59,100044531,'2025-07-29 10:11:35','2025-07-29 10:11:35',2.4964,15.4977),(354,'AAPL','Apple Inc.','1m','2025-07-28 15:30:00',213.42,213.54,213.42,213.52,83779,'2025-07-29 14:12:05','2025-07-29 14:12:05',NULL,NULL),(355,'AAPL','Apple Inc.','1m','2025-07-28 15:31:00',213.52,213.55,213.50,213.50,41090,'2025-07-29 14:12:06','2025-07-29 14:12:06',-0.0094,0.0234),(356,'AAPL','Apple Inc.','1m','2025-07-28 15:32:00',213.51,213.53,213.47,213.50,60464,'2025-07-29 14:12:06','2025-07-29 14:12:06',0.0000,0.0281),(357,'AAPL','Apple Inc.','1m','2025-07-28 15:33:00',213.50,213.57,213.48,213.52,68587,'2025-07-29 14:12:07','2025-07-29 14:12:07',0.0094,0.0422),(358,'AAPL','Apple Inc.','1m','2025-07-28 15:34:00',213.52,213.53,213.32,213.50,98038,'2025-07-29 14:12:07','2025-07-29 14:12:07',-0.0094,0.0984),(359,'AAPL','Apple Inc.','1m','2025-07-28 15:35:00',213.50,213.64,213.49,213.60,87584,'2025-07-29 14:12:07','2025-07-29 14:12:07',0.0468,0.0703),(360,'AAPL','Apple Inc.','1m','2025-07-28 15:36:00',213.59,213.69,213.59,213.65,53529,'2025-07-29 14:12:08','2025-07-29 14:12:08',0.0234,0.0468),(361,'AAPL','Apple Inc.','1m','2025-07-28 15:37:00',213.66,213.74,213.66,213.71,45333,'2025-07-29 14:12:08','2025-07-29 14:12:08',0.0281,0.0374),(362,'AAPL','Apple Inc.','1m','2025-07-28 15:38:00',213.72,213.75,213.70,213.74,38114,'2025-07-29 14:12:08','2025-07-29 14:12:08',0.0140,0.0234),(363,'AAPL','Apple Inc.','1m','2025-07-28 15:39:00',213.75,213.75,213.71,213.75,41274,'2025-07-29 14:12:08','2025-07-29 14:12:08',0.0047,0.0187),(364,'AAPL','Apple Inc.','1m','2025-07-28 15:40:00',213.76,213.82,213.73,213.76,62304,'2025-07-29 14:12:08','2025-07-29 14:12:08',0.0047,0.0421),(365,'AAPL','Apple Inc.','1m','2025-07-28 15:41:00',213.76,213.83,213.75,213.81,51660,'2025-07-29 14:12:09','2025-07-29 14:12:09',0.0234,0.0374),(366,'AAPL','Apple Inc.','1m','2025-07-28 15:42:00',213.81,213.83,213.79,213.81,41714,'2025-07-29 14:12:09','2025-07-29 14:12:09',0.0000,0.0187),(367,'AAPL','Apple Inc.','1m','2025-07-28 15:43:00',213.80,213.84,213.79,213.81,49408,'2025-07-29 14:12:09','2025-07-29 14:12:09',0.0000,0.0234),(368,'AAPL','Apple Inc.','1m','2025-07-28 15:44:00',213.81,213.87,213.79,213.85,42638,'2025-07-29 14:12:09','2025-07-29 14:12:09',0.0187,0.0374),(369,'AAPL','Apple Inc.','1m','2025-07-28 15:45:00',213.84,213.85,213.76,213.77,38421,'2025-07-29 14:12:09','2025-07-29 14:12:09',-0.0374,0.0421),(370,'AAPL','Apple Inc.','1m','2025-07-28 15:46:00',213.78,213.79,213.68,213.72,33240,'2025-07-29 14:12:09','2025-07-29 14:12:09',-0.0234,0.0515),(371,'AAPL','Apple Inc.','1m','2025-07-28 15:47:00',213.72,213.78,213.71,213.74,37544,'2025-07-29 14:12:09','2025-07-29 14:12:09',0.0094,0.0328),(372,'AAPL','Apple Inc.','1m','2025-07-28 15:48:00',213.73,213.74,213.68,213.71,46182,'2025-07-29 14:12:09','2025-07-29 14:12:09',-0.0140,0.0281),(373,'AAPL','Apple Inc.','1m','2025-07-28 15:49:00',213.71,213.73,213.65,213.70,58053,'2025-07-29 14:12:09','2025-07-29 14:12:09',-0.0047,0.0374),(374,'AAPL','Apple Inc.','1m','2025-07-28 15:50:00',213.70,213.92,213.68,213.85,120828,'2025-07-29 14:12:09','2025-07-29 14:12:09',0.0702,0.1123),(375,'AAPL','Apple Inc.','1m','2025-07-28 15:51:00',213.85,213.93,213.77,213.90,98483,'2025-07-29 14:12:09','2025-07-29 14:12:09',0.0234,0.0748),(376,'AAPL','Apple Inc.','1m','2025-07-28 15:52:00',213.90,213.95,213.87,213.89,120546,'2025-07-29 14:12:09','2025-07-29 14:12:09',-0.0047,0.0374),(377,'AAPL','Apple Inc.','1m','2025-07-28 15:53:00',213.88,213.95,213.85,213.87,63385,'2025-07-29 14:12:09','2025-07-29 14:12:09',-0.0094,0.0468),(378,'AAPL','Apple Inc.','1m','2025-07-28 15:54:00',213.87,214.10,213.87,213.97,253615,'2025-07-29 14:12:10','2025-07-29 14:12:10',0.0468,0.1075),(379,'AAPL','Apple Inc.','1m','2025-07-28 15:55:00',213.98,214.01,213.83,213.93,212721,'2025-07-29 14:12:10','2025-07-29 14:12:10',-0.0187,0.0841),(380,'AAPL','Apple Inc.','1m','2025-07-28 15:56:00',213.94,213.99,213.92,213.95,138087,'2025-07-29 14:12:10','2025-07-29 14:12:10',0.0093,0.0327),(381,'AAPL','Apple Inc.','1m','2025-07-28 15:57:00',213.95,213.99,213.93,213.96,168945,'2025-07-29 14:12:10','2025-07-29 14:12:10',0.0047,0.0280),(382,'AAPL','Apple Inc.','1m','2025-07-28 15:58:00',213.96,214.04,213.95,213.98,252051,'2025-07-29 14:12:10','2025-07-29 14:12:10',0.0093,0.0421),(383,'AAPL','Apple Inc.','1m','2025-07-28 15:59:00',213.97,214.05,213.93,214.05,4801145,'2025-07-29 14:12:10','2025-07-29 14:12:10',0.0327,0.0561),(384,'AMZN','Amazon.com, Inc.','1m','2025-07-28 15:30:00',232.59,232.67,232.58,232.59,25924,'2025-07-29 14:12:12','2025-07-29 14:12:12',NULL,NULL),(385,'AMZN','Amazon.com, Inc.','1m','2025-07-28 15:31:00',232.59,232.67,232.59,232.62,33600,'2025-07-29 14:12:12','2025-07-29 14:12:12',0.0129,0.0344),(386,'AMZN','Amazon.com, Inc.','1m','2025-07-28 15:32:00',232.62,232.77,232.62,232.73,47421,'2025-07-29 14:12:12','2025-07-29 14:12:12',0.0473,0.0645),(387,'AMZN','Amazon.com, Inc.','1m','2025-07-28 15:33:00',232.73,232.84,232.70,232.78,37637,'2025-07-29 14:12:12','2025-07-29 14:12:12',0.0215,0.0602),(388,'AMZN','Amazon.com, Inc.','1m','2025-07-28 15:34:00',232.79,232.83,232.75,232.78,36673,'2025-07-29 14:12:13','2025-07-29 14:12:13',0.0000,0.0344),(389,'AMZN','Amazon.com, Inc.','1m','2025-07-28 15:35:00',232.78,232.81,232.75,232.75,24656,'2025-07-29 14:12:13','2025-07-29 14:12:13',-0.0129,0.0258),(390,'AMZN','Amazon.com, Inc.','1m','2025-07-28 15:36:00',232.75,232.78,232.72,232.75,20481,'2025-07-29 14:12:13','2025-07-29 14:12:13',0.0000,0.0258),(391,'AMZN','Amazon.com, Inc.','1m','2025-07-28 15:37:00',232.76,232.81,232.74,232.74,22060,'2025-07-29 14:12:13','2025-07-29 14:12:13',-0.0043,0.0301),(392,'AMZN','Amazon.com, Inc.','1m','2025-07-28 15:38:00',232.73,232.76,232.71,232.72,13731,'2025-07-29 14:12:13','2025-07-29 14:12:13',-0.0086,0.0215),(393,'AMZN','Amazon.com, Inc.','1m','2025-07-28 15:39:00',232.73,232.75,232.65,232.68,34031,'2025-07-29 14:12:13','2025-07-29 14:12:13',-0.0172,0.0430),(394,'AMZN','Amazon.com, Inc.','1m','2025-07-28 15:40:00',232.68,232.75,232.67,232.73,25826,'2025-07-29 14:12:13','2025-07-29 14:12:13',0.0215,0.0344),(395,'AMZN','Amazon.com, Inc.','1m','2025-07-28 15:41:00',232.72,232.74,232.69,232.69,21003,'2025-07-29 14:12:13','2025-07-29 14:12:13',-0.0172,0.0215),(396,'AMZN','Amazon.com, Inc.','1m','2025-07-28 15:42:00',232.70,232.73,232.69,232.71,21368,'2025-07-29 14:12:13','2025-07-29 14:12:13',0.0086,0.0172),(397,'AMZN','Amazon.com, Inc.','1m','2025-07-28 15:43:00',232.71,232.78,232.71,232.77,22287,'2025-07-29 14:12:13','2025-07-29 14:12:13',0.0258,0.0301),(398,'AMZN','Amazon.com, Inc.','1m','2025-07-28 15:44:00',232.77,232.81,232.76,232.81,20524,'2025-07-29 14:12:13','2025-07-29 14:12:13',0.0172,0.0215),(399,'AMZN','Amazon.com, Inc.','1m','2025-07-28 15:45:00',232.81,232.82,232.74,232.76,21036,'2025-07-29 14:12:13','2025-07-29 14:12:13',-0.0215,0.0344),(400,'AMZN','Amazon.com, Inc.','1m','2025-07-28 15:46:00',232.75,232.75,232.67,232.72,35724,'2025-07-29 14:12:13','2025-07-29 14:12:13',-0.0172,0.0344),(401,'AMZN','Amazon.com, Inc.','1m','2025-07-28 15:47:00',232.72,232.79,232.71,232.74,33355,'2025-07-29 14:12:13','2025-07-29 14:12:13',0.0086,0.0344),(402,'AMZN','Amazon.com, Inc.','1m','2025-07-28 15:48:00',232.73,232.73,232.67,232.72,23440,'2025-07-29 14:12:14','2025-07-29 14:12:14',-0.0086,0.0258),(403,'AMZN','Amazon.com, Inc.','1m','2025-07-28 15:49:00',232.72,232.78,232.72,232.75,25869,'2025-07-29 14:12:14','2025-07-29 14:12:14',0.0129,0.0258),(404,'AMZN','Amazon.com, Inc.','1m','2025-07-28 15:50:00',232.76,232.98,232.76,232.87,97348,'2025-07-29 14:12:14','2025-07-29 14:12:14',0.0516,0.0945),(405,'AMZN','Amazon.com, Inc.','1m','2025-07-28 15:51:00',232.87,232.95,232.86,232.93,50443,'2025-07-29 14:12:14','2025-07-29 14:12:14',0.0258,0.0386),(406,'AMZN','Amazon.com, Inc.','1m','2025-07-28 15:52:00',232.93,233.03,232.92,233.02,53875,'2025-07-29 14:12:14','2025-07-29 14:12:14',0.0386,0.0472),(407,'AMZN','Amazon.com, Inc.','1m','2025-07-28 15:53:00',233.02,233.16,233.02,233.15,81922,'2025-07-29 14:12:14','2025-07-29 14:12:14',0.0558,0.0601),(408,'AMZN','Amazon.com, Inc.','1m','2025-07-28 15:54:00',233.14,233.16,232.88,232.91,111725,'2025-07-29 14:12:14','2025-07-29 14:12:14',-0.1029,0.1201),(409,'AMZN','Amazon.com, Inc.','1m','2025-07-28 15:55:00',232.91,232.93,232.82,232.87,127778,'2025-07-29 14:12:14','2025-07-29 14:12:14',-0.0172,0.0472),(410,'AMZN','Amazon.com, Inc.','1m','2025-07-28 15:56:00',232.86,232.91,232.81,232.90,77141,'2025-07-29 14:12:14','2025-07-29 14:12:14',0.0129,0.0429),(411,'AMZN','Amazon.com, Inc.','1m','2025-07-28 15:57:00',232.90,232.96,232.87,232.88,80731,'2025-07-29 14:12:14','2025-07-29 14:12:14',-0.0086,0.0386),(412,'AMZN','Amazon.com, Inc.','1m','2025-07-28 15:58:00',232.89,232.91,232.81,232.83,119369,'2025-07-29 14:12:14','2025-07-29 14:12:14',-0.0215,0.0429),(413,'AMZN','Amazon.com, Inc.','1m','2025-07-28 15:59:00',232.82,232.87,232.75,232.79,3008507,'2025-07-29 14:12:15','2025-07-29 14:12:15',-0.0172,0.0515),(414,'BABA','Alibaba Group Holding Limited','1m','2025-07-28 15:30:00',121.72,121.75,121.71,121.73,13766,'2025-07-29 14:12:16','2025-07-29 14:12:16',NULL,NULL),(415,'BABA','Alibaba Group Holding Limited','1m','2025-07-28 15:31:00',121.74,121.75,121.69,121.69,29005,'2025-07-29 14:12:17','2025-07-29 14:12:17',-0.0329,0.0493),(416,'BABA','Alibaba Group Holding Limited','1m','2025-07-28 15:32:00',121.68,121.70,121.66,121.68,10301,'2025-07-29 14:12:17','2025-07-29 14:12:17',-0.0082,0.0329),(417,'BABA','Alibaba Group Holding Limited','1m','2025-07-28 15:33:00',121.68,121.80,121.64,121.80,48386,'2025-07-29 14:12:17','2025-07-29 14:12:17',0.0986,0.1315),(418,'BABA','Alibaba Group Holding Limited','1m','2025-07-28 15:34:00',121.80,122.13,121.80,121.99,129881,'2025-07-29 14:12:17','2025-07-29 14:12:17',0.1560,0.2709),(419,'BABA','Alibaba Group Holding Limited','1m','2025-07-28 15:35:00',121.99,122.02,121.96,121.98,23286,'2025-07-29 14:12:17','2025-07-29 14:12:17',-0.0082,0.0492),(420,'BABA','Alibaba Group Holding Limited','1m','2025-07-28 15:36:00',121.98,121.99,121.95,121.95,7992,'2025-07-29 14:12:17','2025-07-29 14:12:17',-0.0246,0.0328),(421,'BABA','Alibaba Group Holding Limited','1m','2025-07-28 15:37:00',121.95,121.96,121.90,121.90,6798,'2025-07-29 14:12:17','2025-07-29 14:12:17',-0.0410,0.0492),(422,'BABA','Alibaba Group Holding Limited','1m','2025-07-28 15:38:00',121.90,121.93,121.90,121.91,10567,'2025-07-29 14:12:17','2025-07-29 14:12:17',0.0082,0.0246),(423,'BABA','Alibaba Group Holding Limited','1m','2025-07-28 15:39:00',121.91,121.95,121.90,121.93,13120,'2025-07-29 14:12:17','2025-07-29 14:12:17',0.0164,0.0410),(424,'BABA','Alibaba Group Holding Limited','1m','2025-07-28 15:40:00',121.93,122.01,121.93,121.99,17891,'2025-07-29 14:12:18','2025-07-29 14:12:18',0.0492,0.0656),(425,'BABA','Alibaba Group Holding Limited','1m','2025-07-28 15:41:00',121.99,121.99,121.96,121.97,4132,'2025-07-29 14:12:18','2025-07-29 14:12:18',-0.0164,0.0246),(426,'BABA','Alibaba Group Holding Limited','1m','2025-07-28 15:42:00',121.95,121.97,121.94,121.97,6610,'2025-07-29 14:12:18','2025-07-29 14:12:18',0.0000,0.0246),(427,'BABA','Alibaba Group Holding Limited','1m','2025-07-28 15:43:00',121.97,122.07,121.97,122.06,15532,'2025-07-29 14:12:18','2025-07-29 14:12:18',0.0738,0.0820),(428,'BABA','Alibaba Group Holding Limited','1m','2025-07-28 15:44:00',122.06,122.11,122.05,122.09,11150,'2025-07-29 14:12:18','2025-07-29 14:12:18',0.0246,0.0492),(429,'BABA','Alibaba Group Holding Limited','1m','2025-07-28 15:45:00',122.09,122.11,122.09,122.11,5498,'2025-07-29 14:12:18','2025-07-29 14:12:18',0.0164,0.0164),(430,'BABA','Alibaba Group Holding Limited','1m','2025-07-28 15:46:00',122.11,122.14,122.11,122.14,9847,'2025-07-29 14:12:18','2025-07-29 14:12:18',0.0246,0.0246),(431,'BABA','Alibaba Group Holding Limited','1m','2025-07-28 15:47:00',122.13,122.14,122.11,122.11,7062,'2025-07-29 14:12:18','2025-07-29 14:12:18',-0.0246,0.0246),(432,'BABA','Alibaba Group Holding Limited','1m','2025-07-28 15:48:00',122.12,122.16,122.11,122.12,19469,'2025-07-29 14:12:18','2025-07-29 14:12:18',0.0082,0.0409),(433,'BABA','Alibaba Group Holding Limited','1m','2025-07-28 15:49:00',122.12,122.13,122.07,122.13,16070,'2025-07-29 14:12:18','2025-07-29 14:12:18',0.0082,0.0491),(434,'BABA','Alibaba Group Holding Limited','1m','2025-07-28 15:50:00',122.13,122.25,122.13,122.23,23654,'2025-07-29 14:12:18','2025-07-29 14:12:18',0.0819,0.0983),(435,'BABA','Alibaba Group Holding Limited','1m','2025-07-28 15:51:00',122.23,122.26,122.18,122.19,26291,'2025-07-29 14:12:18','2025-07-29 14:12:18',-0.0327,0.0655),(436,'BABA','Alibaba Group Holding Limited','1m','2025-07-28 15:52:00',122.19,122.22,122.17,122.21,11439,'2025-07-29 14:12:18','2025-07-29 14:12:18',0.0164,0.0409),(437,'BABA','Alibaba Group Holding Limited','1m','2025-07-28 15:53:00',122.21,122.30,122.21,122.30,27722,'2025-07-29 14:12:19','2025-07-29 14:12:19',0.0736,0.0736),(438,'BABA','Alibaba Group Holding Limited','1m','2025-07-28 15:54:00',122.30,122.35,122.29,122.33,31096,'2025-07-29 14:12:19','2025-07-29 14:12:19',0.0245,0.0491),(439,'BABA','Alibaba Group Holding Limited','1m','2025-07-28 15:55:00',122.32,122.40,122.31,122.35,27765,'2025-07-29 14:12:19','2025-07-29 14:12:19',0.0163,0.0736),(440,'BABA','Alibaba Group Holding Limited','1m','2025-07-28 15:56:00',122.35,122.35,122.23,122.25,43252,'2025-07-29 14:12:19','2025-07-29 14:12:19',-0.0817,0.0981),(441,'BABA','Alibaba Group Holding Limited','1m','2025-07-28 15:57:00',122.26,122.27,122.24,122.25,39642,'2025-07-29 14:12:19','2025-07-29 14:12:19',0.0000,0.0245),(442,'BABA','Alibaba Group Holding Limited','1m','2025-07-28 15:58:00',122.24,122.24,122.16,122.20,78546,'2025-07-29 14:12:19','2025-07-29 14:12:19',-0.0409,0.0654),(443,'BABA','Alibaba Group Holding Limited','1m','2025-07-28 15:59:00',122.19,122.23,121.97,122.04,162184,'2025-07-29 14:12:19','2025-07-29 14:12:19',-0.1309,0.2128),(444,'CHTR','Charter Communications, Inc.','1m','2025-07-28 15:30:00',298.86,298.87,298.50,298.63,2752,'2025-07-29 14:12:21','2025-07-29 14:12:21',NULL,NULL),(445,'CHTR','Charter Communications, Inc.','1m','2025-07-28 15:31:00',298.58,298.58,298.05,298.26,7097,'2025-07-29 14:12:21','2025-07-29 14:12:21',-0.1239,0.1775),(446,'CHTR','Charter Communications, Inc.','1m','2025-07-28 15:32:00',298.16,298.26,297.88,298.22,15213,'2025-07-29 14:12:21','2025-07-29 14:12:21',-0.0134,0.1274),(447,'CHTR','Charter Communications, Inc.','1m','2025-07-28 15:33:00',298.21,298.35,298.20,298.33,7353,'2025-07-29 14:12:21','2025-07-29 14:12:21',0.0369,0.0503),(448,'CHTR','Charter Communications, Inc.','1m','2025-07-28 15:34:00',298.35,298.37,298.17,298.21,5889,'2025-07-29 14:12:21','2025-07-29 14:12:21',-0.0402,0.0670),(449,'CHTR','Charter Communications, Inc.','1m','2025-07-28 15:35:00',298.17,298.17,297.80,297.95,7064,'2025-07-29 14:12:21','2025-07-29 14:12:21',-0.0872,0.1241),(450,'CHTR','Charter Communications, Inc.','1m','2025-07-28 15:36:00',297.95,298.11,297.80,297.93,5624,'2025-07-29 14:12:21','2025-07-29 14:12:21',-0.0067,0.1040),(451,'CHTR','Charter Communications, Inc.','1m','2025-07-28 15:37:00',297.99,298.71,297.96,298.60,11969,'2025-07-29 14:12:21','2025-07-29 14:12:21',0.2249,0.2517),(452,'CHTR','Charter Communications, Inc.','1m','2025-07-28 15:38:00',298.70,298.70,298.23,298.33,11853,'2025-07-29 14:12:21','2025-07-29 14:12:21',-0.0904,0.1574),(453,'CHTR','Charter Communications, Inc.','1m','2025-07-28 15:39:00',298.23,298.23,297.80,297.89,3336,'2025-07-29 14:12:21','2025-07-29 14:12:21',-0.1475,0.1441),(454,'CHTR','Charter Communications, Inc.','1m','2025-07-28 15:40:00',297.86,297.91,297.51,297.73,14618,'2025-07-29 14:12:22','2025-07-29 14:12:22',-0.0537,0.1343),(455,'CHTR','Charter Communications, Inc.','1m','2025-07-28 15:41:00',297.72,297.84,297.30,297.38,7180,'2025-07-29 14:12:22','2025-07-29 14:12:22',-0.1176,0.1814),(456,'CHTR','Charter Communications, Inc.','1m','2025-07-28 15:42:00',297.30,297.38,296.96,296.97,10489,'2025-07-29 14:12:22','2025-07-29 14:12:22',-0.1379,0.1412),(457,'CHTR','Charter Communications, Inc.','1m','2025-07-28 15:43:00',296.96,296.97,296.37,296.50,10053,'2025-07-29 14:12:22','2025-07-29 14:12:22',-0.1583,0.2020),(458,'CHTR','Charter Communications, Inc.','1m','2025-07-28 15:44:00',296.50,296.87,296.42,296.78,10221,'2025-07-29 14:12:22','2025-07-29 14:12:22',0.0944,0.1518),(459,'CHTR','Charter Communications, Inc.','1m','2025-07-28 15:45:00',296.78,297.34,296.69,297.34,7785,'2025-07-29 14:12:22','2025-07-29 14:12:22',0.1887,0.2190),(460,'CHTR','Charter Communications, Inc.','1m','2025-07-28 15:46:00',297.29,297.75,297.23,297.72,8353,'2025-07-29 14:12:22','2025-07-29 14:12:22',0.1278,0.1749),(461,'CHTR','Charter Communications, Inc.','1m','2025-07-28 15:47:00',297.61,297.63,297.26,297.37,3248,'2025-07-29 14:12:22','2025-07-29 14:12:22',-0.1176,0.1243),(462,'CHTR','Charter Communications, Inc.','1m','2025-07-28 15:48:00',297.30,297.40,297.19,297.23,7818,'2025-07-29 14:12:22','2025-07-29 14:12:22',-0.0471,0.0706),(463,'CHTR','Charter Communications, Inc.','1m','2025-07-28 15:49:00',297.18,297.68,296.95,296.95,20916,'2025-07-29 14:12:22','2025-07-29 14:12:22',-0.0942,0.2456),(464,'CHTR','Charter Communications, Inc.','1m','2025-07-28 15:50:00',297.13,297.22,296.95,296.95,7586,'2025-07-29 14:12:22','2025-07-29 14:12:22',0.0000,0.0909),(465,'CHTR','Charter Communications, Inc.','1m','2025-07-28 15:51:00',296.95,297.07,296.64,297.01,18508,'2025-07-29 14:12:22','2025-07-29 14:12:22',0.0202,0.1448),(466,'CHTR','Charter Communications, Inc.','1m','2025-07-28 15:52:00',297.13,297.64,297.04,297.64,10123,'2025-07-29 14:12:22','2025-07-29 14:12:22',0.2121,0.2020),(467,'CHTR','Charter Communications, Inc.','1m','2025-07-28 15:53:00',297.54,297.54,297.10,297.27,13218,'2025-07-29 14:12:22','2025-07-29 14:12:22',-0.1243,0.1478),(468,'CHTR','Charter Communications, Inc.','1m','2025-07-28 15:54:00',297.37,297.61,296.85,297.27,26083,'2025-07-29 14:12:22','2025-07-29 14:12:22',0.0000,0.2557),(469,'CHTR','Charter Communications, Inc.','1m','2025-07-28 15:55:00',297.33,298.20,297.27,298.08,20221,'2025-07-29 14:12:22','2025-07-29 14:12:22',0.2725,0.3128),(470,'CHTR','Charter Communications, Inc.','1m','2025-07-28 15:56:00',298.12,298.99,298.03,298.71,15917,'2025-07-29 14:12:22','2025-07-29 14:12:22',0.2114,0.3221),(471,'CHTR','Charter Communications, Inc.','1m','2025-07-28 15:57:00',298.48,298.70,298.04,298.16,19489,'2025-07-29 14:12:23','2025-07-29 14:12:23',-0.1841,0.2210),(472,'CHTR','Charter Communications, Inc.','1m','2025-07-28 15:58:00',298.24,298.36,298.04,298.27,40169,'2025-07-29 14:12:23','2025-07-29 14:12:23',0.0369,0.1073),(473,'CHTR','Charter Communications, Inc.','1m','2025-07-28 15:59:00',298.31,298.36,298.14,298.27,280246,'2025-07-29 14:12:23','2025-07-29 14:12:23',0.0000,0.0738),(474,'COIN','Coinbase Global, Inc.','1m','2025-07-28 15:30:00',380.00,380.01,379.65,379.96,6376,'2025-07-29 14:12:25','2025-07-29 14:12:25',NULL,NULL),(475,'COIN','Coinbase Global, Inc.','1m','2025-07-28 15:31:00',379.87,379.99,379.81,379.99,6276,'2025-07-29 14:12:25','2025-07-29 14:12:25',0.0079,0.0474),(476,'COIN','Coinbase Global, Inc.','1m','2025-07-28 15:32:00',379.95,380.31,379.95,380.15,9557,'2025-07-29 14:12:25','2025-07-29 14:12:25',0.0421,0.0947),(477,'COIN','Coinbase Global, Inc.','1m','2025-07-28 15:33:00',380.11,380.11,379.08,379.26,13077,'2025-07-29 14:12:25','2025-07-29 14:12:25',-0.2341,0.2709),(478,'COIN','Coinbase Global, Inc.','1m','2025-07-28 15:34:00',379.26,379.75,379.26,379.34,12628,'2025-07-29 14:12:25','2025-07-29 14:12:25',0.0211,0.1292),(479,'COIN','Coinbase Global, Inc.','1m','2025-07-28 15:35:00',379.35,379.88,379.30,379.69,6387,'2025-07-29 14:12:25','2025-07-29 14:12:25',0.0923,0.1529),(480,'COIN','Coinbase Global, Inc.','1m','2025-07-28 15:36:00',379.56,379.73,379.46,379.51,4129,'2025-07-29 14:12:25','2025-07-29 14:12:25',-0.0474,0.0711),(481,'COIN','Coinbase Global, Inc.','1m','2025-07-28 15:37:00',379.56,379.81,379.38,379.38,3051,'2025-07-29 14:12:25','2025-07-29 14:12:25',-0.0343,0.1133),(482,'COIN','Coinbase Global, Inc.','1m','2025-07-28 15:38:00',379.38,379.45,378.95,378.99,4980,'2025-07-29 14:12:25','2025-07-29 14:12:25',-0.1028,0.1318),(483,'COIN','Coinbase Global, Inc.','1m','2025-07-28 15:39:00',378.92,379.13,378.35,378.53,14623,'2025-07-29 14:12:26','2025-07-29 14:12:26',-0.1214,0.2058),(484,'COIN','Coinbase Global, Inc.','1m','2025-07-28 15:40:00',378.68,379.10,378.34,379.07,12842,'2025-07-29 14:12:26','2025-07-29 14:12:26',0.1427,0.2008),(485,'COIN','Coinbase Global, Inc.','1m','2025-07-28 15:41:00',379.09,379.50,379.09,379.30,7383,'2025-07-29 14:12:26','2025-07-29 14:12:26',0.0607,0.1082),(486,'COIN','Coinbase Global, Inc.','1m','2025-07-28 15:42:00',379.18,379.18,378.81,378.87,7942,'2025-07-29 14:12:26','2025-07-29 14:12:26',-0.1134,0.0975),(487,'COIN','Coinbase Global, Inc.','1m','2025-07-28 15:43:00',378.96,379.13,378.82,378.93,11447,'2025-07-29 14:12:26','2025-07-29 14:12:26',0.0158,0.0818),(488,'COIN','Coinbase Global, Inc.','1m','2025-07-28 15:44:00',378.92,379.09,378.62,379.00,8600,'2025-07-29 14:12:26','2025-07-29 14:12:26',0.0185,0.1240),(489,'COIN','Coinbase Global, Inc.','1m','2025-07-28 15:45:00',378.94,379.28,378.87,378.88,10776,'2025-07-29 14:12:26','2025-07-29 14:12:26',-0.0317,0.1082),(490,'COIN','Coinbase Global, Inc.','1m','2025-07-28 15:46:00',379.03,379.52,379.02,379.40,7653,'2025-07-29 14:12:26','2025-07-29 14:12:26',0.1372,0.1320),(491,'COIN','Coinbase Global, Inc.','1m','2025-07-28 15:47:00',379.50,379.95,379.46,379.95,10476,'2025-07-29 14:12:26','2025-07-29 14:12:26',0.1450,0.1292),(492,'COIN','Coinbase Global, Inc.','1m','2025-07-28 15:48:00',379.88,380.34,379.86,380.31,20048,'2025-07-29 14:12:26','2025-07-29 14:12:26',0.0947,0.1263),(493,'COIN','Coinbase Global, Inc.','1m','2025-07-28 15:49:00',380.34,380.60,380.27,380.33,21139,'2025-07-29 14:12:27','2025-07-29 14:12:27',0.0053,0.0868),(494,'COIN','Coinbase Global, Inc.','1m','2025-07-28 15:50:00',380.39,380.39,379.44,379.77,11167,'2025-07-29 14:12:27','2025-07-29 14:12:27',-0.1472,0.2498),(495,'COIN','Coinbase Global, Inc.','1m','2025-07-28 15:51:00',379.46,379.54,378.82,378.97,17948,'2025-07-29 14:12:27','2025-07-29 14:12:27',-0.2107,0.1896),(496,'COIN','Coinbase Global, Inc.','1m','2025-07-28 15:52:00',378.96,379.61,378.83,379.61,22711,'2025-07-29 14:12:27','2025-07-29 14:12:27',0.1689,0.2058),(497,'COIN','Coinbase Global, Inc.','1m','2025-07-28 15:53:00',379.68,380.31,379.55,380.14,18574,'2025-07-29 14:12:27','2025-07-29 14:12:27',0.1396,0.2002),(498,'COIN','Coinbase Global, Inc.','1m','2025-07-28 15:54:00',380.25,380.33,379.33,379.40,25990,'2025-07-29 14:12:27','2025-07-29 14:12:27',-0.1947,0.2631),(499,'COIN','Coinbase Global, Inc.','1m','2025-07-28 15:55:00',379.55,379.86,379.48,379.67,23464,'2025-07-29 14:12:28','2025-07-29 14:12:28',0.0712,0.1002),(500,'COIN','Coinbase Global, Inc.','1m','2025-07-28 15:56:00',379.66,379.83,379.51,379.51,22756,'2025-07-29 14:12:28','2025-07-29 14:12:28',-0.0421,0.0843),(501,'COIN','Coinbase Global, Inc.','1m','2025-07-28 15:57:00',379.53,380.00,379.25,379.84,45634,'2025-07-29 14:12:28','2025-07-29 14:12:28',0.0870,0.1976),(502,'COIN','Coinbase Global, Inc.','1m','2025-07-28 15:58:00',379.85,379.89,379.61,379.69,30719,'2025-07-29 14:12:28','2025-07-29 14:12:28',-0.0395,0.0737),(503,'COIN','Coinbase Global, Inc.','1m','2025-07-28 15:59:00',379.65,379.67,379.17,379.49,699152,'2025-07-29 14:12:28','2025-07-29 14:12:28',-0.0527,0.1317),(504,'GOOGL','Alphabet Inc.','1m','2025-07-28 15:30:00',191.81,191.84,191.78,191.79,43005,'2025-07-29 14:12:30','2025-07-29 14:12:30',NULL,NULL),(505,'GOOGL','Alphabet Inc.','1m','2025-07-28 15:31:00',191.79,191.87,191.78,191.83,29502,'2025-07-29 14:12:30','2025-07-29 14:12:30',0.0209,0.0469),(506,'GOOGL','Alphabet Inc.','1m','2025-07-28 15:32:00',191.83,191.88,191.65,191.82,36282,'2025-07-29 14:12:30','2025-07-29 14:12:30',-0.0052,0.1199),(507,'GOOGL','Alphabet Inc.','1m','2025-07-28 15:33:00',191.83,191.90,191.83,191.88,38122,'2025-07-29 14:12:31','2025-07-29 14:12:31',0.0313,0.0365),(508,'GOOGL','Alphabet Inc.','1m','2025-07-28 15:34:00',191.88,191.93,191.88,191.93,43822,'2025-07-29 14:12:31','2025-07-29 14:12:31',0.0261,0.0261),(509,'GOOGL','Alphabet Inc.','1m','2025-07-28 15:35:00',191.93,192.04,191.92,192.01,55961,'2025-07-29 14:12:31','2025-07-29 14:12:31',0.0417,0.0625),(510,'GOOGL','Alphabet Inc.','1m','2025-07-28 15:36:00',192.02,192.07,191.99,192.07,39844,'2025-07-29 14:12:31','2025-07-29 14:12:31',0.0312,0.0417),(511,'GOOGL','Alphabet Inc.','1m','2025-07-28 15:37:00',192.07,192.09,191.93,191.96,66847,'2025-07-29 14:12:31','2025-07-29 14:12:31',-0.0573,0.0833),(512,'GOOGL','Alphabet Inc.','1m','2025-07-28 15:38:00',191.96,192.01,191.94,191.98,58651,'2025-07-29 14:12:31','2025-07-29 14:12:31',0.0104,0.0365),(513,'GOOGL','Alphabet Inc.','1m','2025-07-28 15:39:00',191.99,192.01,191.88,191.91,36502,'2025-07-29 14:12:31','2025-07-29 14:12:31',-0.0365,0.0677),(514,'GOOGL','Alphabet Inc.','1m','2025-07-28 15:40:00',191.90,191.91,191.83,191.90,38855,'2025-07-29 14:12:31','2025-07-29 14:12:31',-0.0052,0.0417),(515,'GOOGL','Alphabet Inc.','1m','2025-07-28 15:41:00',191.88,191.95,191.88,191.93,31960,'2025-07-29 14:12:31','2025-07-29 14:12:31',0.0156,0.0365),(516,'GOOGL','Alphabet Inc.','1m','2025-07-28 15:42:00',191.92,191.92,191.83,191.85,33415,'2025-07-29 14:12:31','2025-07-29 14:12:31',-0.0417,0.0469),(517,'GOOGL','Alphabet Inc.','1m','2025-07-28 15:43:00',191.85,191.91,191.84,191.88,40687,'2025-07-29 14:12:31','2025-07-29 14:12:31',0.0156,0.0365),(518,'GOOGL','Alphabet Inc.','1m','2025-07-28 15:44:00',191.87,191.92,191.84,191.91,29034,'2025-07-29 14:12:31','2025-07-29 14:12:31',0.0156,0.0417),(519,'GOOGL','Alphabet Inc.','1m','2025-07-28 15:45:00',191.90,191.90,191.75,191.77,36174,'2025-07-29 14:12:31','2025-07-29 14:12:31',-0.0730,0.0782),(520,'GOOGL','Alphabet Inc.','1m','2025-07-28 15:46:00',191.76,191.77,191.69,191.75,65139,'2025-07-29 14:12:31','2025-07-29 14:12:31',-0.0104,0.0417),(521,'GOOGL','Alphabet Inc.','1m','2025-07-28 15:47:00',191.74,191.87,191.68,191.87,51637,'2025-07-29 14:12:32','2025-07-29 14:12:32',0.0626,0.0991),(522,'GOOGL','Alphabet Inc.','1m','2025-07-28 15:48:00',191.86,191.87,191.75,191.82,57843,'2025-07-29 14:12:32','2025-07-29 14:12:32',-0.0261,0.0625),(523,'GOOGL','Alphabet Inc.','1m','2025-07-28 15:49:00',191.82,191.85,191.77,191.77,49182,'2025-07-29 14:12:32','2025-07-29 14:12:32',-0.0261,0.0417),(524,'GOOGL','Alphabet Inc.','1m','2025-07-28 15:50:00',191.77,192.00,191.76,191.82,119441,'2025-07-29 14:12:32','2025-07-29 14:12:32',0.0261,0.1251),(525,'GOOGL','Alphabet Inc.','1m','2025-07-28 15:51:00',191.83,191.91,191.82,191.85,71985,'2025-07-29 14:12:32','2025-07-29 14:12:32',0.0156,0.0469),(526,'GOOGL','Alphabet Inc.','1m','2025-07-28 15:52:00',191.86,191.93,191.85,191.91,74468,'2025-07-29 14:12:32','2025-07-29 14:12:32',0.0313,0.0417),(527,'GOOGL','Alphabet Inc.','1m','2025-07-28 15:53:00',191.93,192.12,191.88,192.04,191209,'2025-07-29 14:12:32','2025-07-29 14:12:32',0.0677,0.1251),(528,'GOOGL','Alphabet Inc.','1m','2025-07-28 15:54:00',192.05,192.17,191.97,192.11,191444,'2025-07-29 14:12:32','2025-07-29 14:12:32',0.0365,0.1041),(529,'GOOGL','Alphabet Inc.','1m','2025-07-28 15:55:00',192.12,192.53,192.12,192.51,306909,'2025-07-29 14:12:32','2025-07-29 14:12:32',0.2082,0.2134),(530,'GOOGL','Alphabet Inc.','1m','2025-07-28 15:56:00',192.50,192.59,192.48,192.57,212022,'2025-07-29 14:12:32','2025-07-29 14:12:32',0.0312,0.0571),(531,'GOOGL','Alphabet Inc.','1m','2025-07-28 15:57:00',192.57,192.64,192.54,192.62,278038,'2025-07-29 14:12:32','2025-07-29 14:12:32',0.0260,0.0519),(532,'GOOGL','Alphabet Inc.','1m','2025-07-28 15:58:00',192.63,192.64,192.56,192.60,260230,'2025-07-29 14:12:32','2025-07-29 14:12:32',-0.0104,0.0415),(533,'GOOGL','Alphabet Inc.','1m','2025-07-28 15:59:00',192.60,192.61,192.40,192.58,5118745,'2025-07-29 14:12:32','2025-07-29 14:12:32',-0.0104,0.1090),(534,'IBM','International Business Machines Corporation','1m','2025-07-28 15:30:00',262.79,262.83,262.76,262.79,3002,'2025-07-29 14:12:34','2025-07-29 14:12:34',NULL,NULL),(535,'IBM','International Business Machines Corporation','1m','2025-07-28 15:31:00',262.76,262.81,262.56,262.73,11771,'2025-07-29 14:12:34','2025-07-29 14:12:34',-0.0228,0.0951),(536,'IBM','International Business Machines Corporation','1m','2025-07-28 15:32:00',262.72,262.87,262.70,262.86,1942,'2025-07-29 14:12:34','2025-07-29 14:12:34',0.0495,0.0647),(537,'IBM','International Business Machines Corporation','1m','2025-07-28 15:33:00',262.80,262.93,262.61,262.61,11621,'2025-07-29 14:12:35','2025-07-29 14:12:35',-0.0951,0.1217),(538,'IBM','International Business Machines Corporation','1m','2025-07-28 15:34:00',262.69,262.72,262.61,262.70,4244,'2025-07-29 14:12:35','2025-07-29 14:12:35',0.0343,0.0419),(539,'IBM','International Business Machines Corporation','1m','2025-07-28 15:35:00',262.70,262.85,262.50,262.58,32143,'2025-07-29 14:12:35','2025-07-29 14:12:35',-0.0457,0.1332),(540,'IBM','International Business Machines Corporation','1m','2025-07-28 15:36:00',262.55,262.73,262.55,262.70,7366,'2025-07-29 14:12:35','2025-07-29 14:12:35',0.0457,0.0686),(541,'IBM','International Business Machines Corporation','1m','2025-07-28 15:37:00',262.71,262.89,262.71,262.89,10046,'2025-07-29 14:12:35','2025-07-29 14:12:35',0.0723,0.0685),(542,'IBM','International Business Machines Corporation','1m','2025-07-28 15:38:00',262.88,262.91,262.82,262.91,4279,'2025-07-29 14:12:35','2025-07-29 14:12:35',0.0076,0.0342),(543,'IBM','International Business Machines Corporation','1m','2025-07-28 15:39:00',262.95,263.04,262.92,262.96,8241,'2025-07-29 14:12:35','2025-07-29 14:12:35',0.0190,0.0456),(544,'IBM','International Business Machines Corporation','1m','2025-07-28 15:40:00',262.91,262.95,262.79,262.90,4115,'2025-07-29 14:12:36','2025-07-29 14:12:36',-0.0228,0.0608),(545,'IBM','International Business Machines Corporation','1m','2025-07-28 15:41:00',262.91,263.15,262.91,263.08,7868,'2025-07-29 14:12:36','2025-07-29 14:12:36',0.0685,0.0913),(546,'IBM','International Business Machines Corporation','1m','2025-07-28 15:42:00',263.10,263.20,263.06,263.13,3428,'2025-07-29 14:12:36','2025-07-29 14:12:36',0.0190,0.0532),(547,'IBM','International Business Machines Corporation','1m','2025-07-28 15:43:00',263.12,263.12,263.01,263.10,6748,'2025-07-29 14:12:36','2025-07-29 14:12:36',-0.0114,0.0418),(548,'IBM','International Business Machines Corporation','1m','2025-07-28 15:44:00',263.05,263.11,263.00,263.01,7705,'2025-07-29 14:12:36','2025-07-29 14:12:36',-0.0342,0.0418),(549,'IBM','International Business Machines Corporation','1m','2025-07-28 15:45:00',263.06,263.10,263.01,263.10,6772,'2025-07-29 14:12:36','2025-07-29 14:12:36',0.0342,0.0342),(550,'IBM','International Business Machines Corporation','1m','2025-07-28 15:46:00',263.06,263.10,263.00,263.07,6199,'2025-07-29 14:12:36','2025-07-29 14:12:36',-0.0114,0.0380),(551,'IBM','International Business Machines Corporation','1m','2025-07-28 15:47:00',263.03,263.16,263.03,263.05,5451,'2025-07-29 14:12:36','2025-07-29 14:12:36',-0.0076,0.0494),(552,'IBM','International Business Machines Corporation','1m','2025-07-28 15:48:00',263.08,263.08,262.91,262.97,8835,'2025-07-29 14:12:36','2025-07-29 14:12:36',-0.0304,0.0646),(553,'IBM','International Business Machines Corporation','1m','2025-07-28 15:49:00',262.97,262.98,262.89,262.94,6356,'2025-07-29 14:12:36','2025-07-29 14:12:36',-0.0114,0.0342),(554,'IBM','International Business Machines Corporation','1m','2025-07-28 15:50:00',262.96,263.04,262.84,262.99,9697,'2025-07-29 14:12:36','2025-07-29 14:12:36',0.0190,0.0761),(555,'IBM','International Business Machines Corporation','1m','2025-07-28 15:51:00',262.99,263.13,262.99,263.03,12904,'2025-07-29 14:12:36','2025-07-29 14:12:36',0.0152,0.0532),(556,'IBM','International Business Machines Corporation','1m','2025-07-28 15:52:00',263.03,263.04,262.96,263.01,10876,'2025-07-29 14:12:36','2025-07-29 14:12:36',-0.0076,0.0304),(557,'IBM','International Business Machines Corporation','1m','2025-07-28 15:53:00',263.03,263.12,262.95,263.12,10669,'2025-07-29 14:12:36','2025-07-29 14:12:36',0.0418,0.0646),(558,'IBM','International Business Machines Corporation','1m','2025-07-28 15:54:00',263.12,263.13,262.79,262.82,15363,'2025-07-29 14:12:36','2025-07-29 14:12:36',-0.1140,0.1292),(559,'IBM','International Business Machines Corporation','1m','2025-07-28 15:55:00',262.80,262.91,262.70,262.85,25619,'2025-07-29 14:12:36','2025-07-29 14:12:36',0.0114,0.0799),(560,'IBM','International Business Machines Corporation','1m','2025-07-28 15:56:00',262.84,262.94,262.34,262.94,38174,'2025-07-29 14:12:37','2025-07-29 14:12:37',0.0342,0.2283),(561,'IBM','International Business Machines Corporation','1m','2025-07-28 15:57:00',262.95,263.26,262.95,263.17,33916,'2025-07-29 14:12:37','2025-07-29 14:12:37',0.0875,0.1179),(562,'IBM','International Business Machines Corporation','1m','2025-07-28 15:58:00',263.18,263.28,263.04,263.22,60830,'2025-07-29 14:12:37','2025-07-29 14:12:37',0.0190,0.0912),(563,'IBM','International Business Machines Corporation','1m','2025-07-28 15:59:00',263.22,263.26,263.08,263.21,66088,'2025-07-29 14:12:37','2025-07-29 14:12:37',-0.0038,0.0684),(564,'INTC','Intel Corporation','1m','2025-07-28 15:30:00',20.70,20.70,20.68,20.69,137660,'2025-07-29 14:12:38','2025-07-29 14:12:38',NULL,NULL),(565,'INTC','Intel Corporation','1m','2025-07-28 15:31:00',20.69,20.69,20.66,20.67,181310,'2025-07-29 14:12:38','2025-07-29 14:12:38',-0.0967,0.1450),(566,'INTC','Intel Corporation','1m','2025-07-28 15:32:00',20.66,20.68,20.66,20.68,237306,'2025-07-29 14:12:38','2025-07-29 14:12:38',0.0484,0.0968),(567,'INTC','Intel Corporation','1m','2025-07-28 15:33:00',20.68,20.68,20.66,20.67,159984,'2025-07-29 14:12:39','2025-07-29 14:12:39',-0.0484,0.0967),(568,'INTC','Intel Corporation','1m','2025-07-28 15:34:00',20.67,20.67,20.66,20.67,61788,'2025-07-29 14:12:39','2025-07-29 14:12:39',0.0000,0.0484),(569,'INTC','Intel Corporation','1m','2025-07-28 15:35:00',20.67,20.68,20.66,20.68,99728,'2025-07-29 14:12:39','2025-07-29 14:12:39',0.0484,0.0968),(570,'INTC','Intel Corporation','1m','2025-07-28 15:36:00',20.68,20.68,20.67,20.68,102165,'2025-07-29 14:12:39','2025-07-29 14:12:39',0.0000,0.0484),(571,'INTC','Intel Corporation','1m','2025-07-28 15:37:00',20.68,20.68,20.67,20.68,48852,'2025-07-29 14:12:39','2025-07-29 14:12:39',0.0000,0.0484),(572,'INTC','Intel Corporation','1m','2025-07-28 15:38:00',20.68,20.69,20.67,20.69,152333,'2025-07-29 14:12:39','2025-07-29 14:12:39',0.0484,0.0967),(573,'INTC','Intel Corporation','1m','2025-07-28 15:39:00',20.69,20.69,20.68,20.69,94577,'2025-07-29 14:12:39','2025-07-29 14:12:39',0.0000,0.0483),(574,'INTC','Intel Corporation','1m','2025-07-28 15:40:00',20.69,20.69,20.68,20.69,68755,'2025-07-29 14:12:39','2025-07-29 14:12:39',0.0000,0.0483),(575,'INTC','Intel Corporation','1m','2025-07-28 15:41:00',20.69,20.71,20.68,20.70,246000,'2025-07-29 14:12:39','2025-07-29 14:12:39',0.0483,0.1450),(576,'INTC','Intel Corporation','1m','2025-07-28 15:42:00',20.70,20.71,20.70,20.70,222428,'2025-07-29 14:12:39','2025-07-29 14:12:39',0.0000,0.0483),(577,'INTC','Intel Corporation','1m','2025-07-28 15:43:00',20.71,20.72,20.70,20.71,156103,'2025-07-29 14:12:39','2025-07-29 14:12:39',0.0483,0.0966),(578,'INTC','Intel Corporation','1m','2025-07-28 15:44:00',20.71,20.72,20.71,20.72,97160,'2025-07-29 14:12:39','2025-07-29 14:12:39',0.0483,0.0483),(579,'INTC','Intel Corporation','1m','2025-07-28 15:45:00',20.72,20.72,20.71,20.72,168650,'2025-07-29 14:12:39','2025-07-29 14:12:39',0.0000,0.0483),(580,'INTC','Intel Corporation','1m','2025-07-28 15:46:00',20.72,20.72,20.71,20.72,160125,'2025-07-29 14:12:40','2025-07-29 14:12:40',0.0000,0.0483),(581,'INTC','Intel Corporation','1m','2025-07-28 15:47:00',20.72,20.72,20.69,20.71,421122,'2025-07-29 14:12:40','2025-07-29 14:12:40',-0.0483,0.1448),(582,'INTC','Intel Corporation','1m','2025-07-28 15:48:00',20.71,20.71,20.70,20.71,82149,'2025-07-29 14:12:40','2025-07-29 14:12:40',0.0000,0.0483),(583,'INTC','Intel Corporation','1m','2025-07-28 15:49:00',20.71,20.71,20.70,20.71,142200,'2025-07-29 14:12:40','2025-07-29 14:12:40',0.0000,0.0483),(584,'INTC','Intel Corporation','1m','2025-07-28 15:50:00',20.71,20.73,20.70,20.71,409786,'2025-07-29 14:12:40','2025-07-29 14:12:40',0.0000,0.1449),(585,'INTC','Intel Corporation','1m','2025-07-28 15:51:00',20.71,20.71,20.68,20.69,280483,'2025-07-29 14:12:40','2025-07-29 14:12:40',-0.0966,0.1449),(586,'INTC','Intel Corporation','1m','2025-07-28 15:52:00',20.69,20.69,20.68,20.69,119821,'2025-07-29 14:12:40','2025-07-29 14:12:40',0.0000,0.0483),(587,'INTC','Intel Corporation','1m','2025-07-28 15:53:00',20.69,20.71,20.68,20.71,293334,'2025-07-29 14:12:40','2025-07-29 14:12:40',0.0967,0.1450),(588,'INTC','Intel Corporation','1m','2025-07-28 15:54:00',20.71,20.73,20.68,20.70,621179,'2025-07-29 14:12:40','2025-07-29 14:12:40',-0.0483,0.2414),(589,'INTC','Intel Corporation','1m','2025-07-28 15:55:00',20.70,20.70,20.67,20.68,370250,'2025-07-29 14:12:40','2025-07-29 14:12:40',-0.0966,0.1449),(590,'INTC','Intel Corporation','1m','2025-07-28 15:56:00',20.67,20.68,20.67,20.68,409658,'2025-07-29 14:12:41','2025-07-29 14:12:41',0.0000,0.0484),(591,'INTC','Intel Corporation','1m','2025-07-28 15:57:00',20.68,20.68,20.67,20.68,413289,'2025-07-29 14:12:41','2025-07-29 14:12:41',0.0000,0.0484),(592,'INTC','Intel Corporation','1m','2025-07-28 15:58:00',20.68,20.68,20.66,20.67,566415,'2025-07-29 14:12:41','2025-07-29 14:12:41',-0.0484,0.0967),(593,'INTC','Intel Corporation','1m','2025-07-28 15:59:00',20.67,20.69,20.65,20.68,8337080,'2025-07-29 14:12:41','2025-07-29 14:12:41',0.0484,0.1935),(594,'JPM','JPMorgan Chase & Co.','1m','2025-07-28 15:30:00',297.44,297.47,297.42,297.43,4299,'2025-07-29 14:12:42','2025-07-29 14:12:42',NULL,NULL),(595,'JPM','JPMorgan Chase & Co.','1m','2025-07-28 15:31:00',297.43,297.48,297.41,297.44,8172,'2025-07-29 14:12:42','2025-07-29 14:12:42',0.0034,0.0235),(596,'JPM','JPMorgan Chase & Co.','1m','2025-07-28 15:32:00',297.43,297.50,297.39,297.40,5486,'2025-07-29 14:12:42','2025-07-29 14:12:42',-0.0134,0.0370),(597,'JPM','JPMorgan Chase & Co.','1m','2025-07-28 15:33:00',297.40,297.51,297.37,297.50,12770,'2025-07-29 14:12:43','2025-07-29 14:12:43',0.0336,0.0471),(598,'JPM','JPMorgan Chase & Co.','1m','2025-07-28 15:34:00',297.52,297.58,297.48,297.53,12490,'2025-07-29 14:12:43','2025-07-29 14:12:43',0.0101,0.0336),(599,'JPM','JPMorgan Chase & Co.','1m','2025-07-28 15:35:00',297.53,297.55,297.48,297.55,6133,'2025-07-29 14:12:43','2025-07-29 14:12:43',0.0067,0.0235),(600,'JPM','JPMorgan Chase & Co.','1m','2025-07-28 15:36:00',297.51,297.56,297.51,297.54,7260,'2025-07-29 14:12:43','2025-07-29 14:12:43',-0.0034,0.0168),(601,'JPM','JPMorgan Chase & Co.','1m','2025-07-28 15:37:00',297.55,297.64,297.55,297.64,6644,'2025-07-29 14:12:43','2025-07-29 14:12:43',0.0336,0.0302),(602,'JPM','JPMorgan Chase & Co.','1m','2025-07-28 15:38:00',297.63,297.72,297.62,297.68,14262,'2025-07-29 14:12:43','2025-07-29 14:12:43',0.0134,0.0336),(603,'JPM','JPMorgan Chase & Co.','1m','2025-07-28 15:39:00',297.66,297.67,297.59,297.66,11774,'2025-07-29 14:12:43','2025-07-29 14:12:43',-0.0067,0.0269),(604,'JPM','JPMorgan Chase & Co.','1m','2025-07-28 15:40:00',297.66,297.82,297.61,297.82,5336,'2025-07-29 14:12:43','2025-07-29 14:12:43',0.0538,0.0706),(605,'JPM','JPMorgan Chase & Co.','1m','2025-07-28 15:41:00',297.83,297.87,297.69,297.70,20358,'2025-07-29 14:12:43','2025-07-29 14:12:43',-0.0403,0.0604),(606,'JPM','JPMorgan Chase & Co.','1m','2025-07-28 15:42:00',297.70,297.76,297.67,297.75,4024,'2025-07-29 14:12:43','2025-07-29 14:12:43',0.0168,0.0302),(607,'JPM','JPMorgan Chase & Co.','1m','2025-07-28 15:43:00',297.77,297.81,297.74,297.81,5746,'2025-07-29 14:12:43','2025-07-29 14:12:43',0.0202,0.0235),(608,'JPM','JPMorgan Chase & Co.','1m','2025-07-28 15:44:00',297.81,297.88,297.80,297.84,5742,'2025-07-29 14:12:43','2025-07-29 14:12:43',0.0101,0.0269),(609,'JPM','JPMorgan Chase & Co.','1m','2025-07-28 15:45:00',297.85,297.91,297.83,297.91,7664,'2025-07-29 14:12:43','2025-07-29 14:12:43',0.0235,0.0269),(610,'JPM','JPMorgan Chase & Co.','1m','2025-07-28 15:46:00',297.93,297.95,297.85,297.90,13763,'2025-07-29 14:12:43','2025-07-29 14:12:43',-0.0034,0.0336),(611,'JPM','JPMorgan Chase & Co.','1m','2025-07-28 15:47:00',297.88,297.91,297.83,297.90,16748,'2025-07-29 14:12:43','2025-07-29 14:12:43',0.0000,0.0269),(612,'JPM','JPMorgan Chase & Co.','1m','2025-07-28 15:48:00',297.90,297.99,297.89,297.97,9246,'2025-07-29 14:12:44','2025-07-29 14:12:44',0.0235,0.0336),(613,'JPM','JPMorgan Chase & Co.','1m','2025-07-28 15:49:00',297.99,298.24,297.98,298.21,11828,'2025-07-29 14:12:44','2025-07-29 14:12:44',0.0805,0.0873),(614,'JPM','JPMorgan Chase & Co.','1m','2025-07-28 15:50:00',298.18,298.23,298.01,298.01,10687,'2025-07-29 14:12:44','2025-07-29 14:12:44',-0.0671,0.0738),(615,'JPM','JPMorgan Chase & Co.','1m','2025-07-28 15:51:00',298.01,298.01,297.88,297.96,7667,'2025-07-29 14:12:44','2025-07-29 14:12:44',-0.0168,0.0436),(616,'JPM','JPMorgan Chase & Co.','1m','2025-07-28 15:52:00',297.96,298.03,297.94,298.03,7956,'2025-07-29 14:12:44','2025-07-29 14:12:44',0.0235,0.0302),(617,'JPM','JPMorgan Chase & Co.','1m','2025-07-28 15:53:00',298.01,298.09,298.00,298.04,6019,'2025-07-29 14:12:44','2025-07-29 14:12:44',0.0034,0.0302),(618,'JPM','JPMorgan Chase & Co.','1m','2025-07-28 15:54:00',298.07,298.09,297.93,298.00,12728,'2025-07-29 14:12:44','2025-07-29 14:12:44',-0.0134,0.0537),(619,'JPM','JPMorgan Chase & Co.','1m','2025-07-28 15:55:00',298.02,298.10,297.97,297.97,11162,'2025-07-29 14:12:44','2025-07-29 14:12:44',-0.0101,0.0436),(620,'JPM','JPMorgan Chase & Co.','1m','2025-07-28 15:56:00',298.01,298.04,297.84,297.90,25392,'2025-07-29 14:12:44','2025-07-29 14:12:44',-0.0235,0.0671),(621,'JPM','JPMorgan Chase & Co.','1m','2025-07-28 15:57:00',297.90,297.94,297.84,297.88,36149,'2025-07-29 14:12:44','2025-07-29 14:12:44',-0.0067,0.0336),(622,'JPM','JPMorgan Chase & Co.','1m','2025-07-28 15:58:00',297.87,298.12,297.87,298.12,42969,'2025-07-29 14:12:44','2025-07-29 14:12:44',0.0806,0.0839),(623,'JPM','JPMorgan Chase & Co.','1m','2025-07-28 15:59:00',298.09,298.32,298.00,298.22,113160,'2025-07-29 14:12:44','2025-07-29 14:12:44',0.0335,0.1073),(624,'LCID','Lucid Group, Inc.','1m','2025-07-28 15:30:00',2.77,2.78,2.77,2.78,42201,'2025-07-29 14:12:46','2025-07-29 14:12:46',NULL,NULL),(625,'LCID','Lucid Group, Inc.','1m','2025-07-28 15:31:00',2.77,2.78,2.77,2.77,88434,'2025-07-29 14:12:46','2025-07-29 14:12:46',-0.3597,0.3597),(626,'LCID','Lucid Group, Inc.','1m','2025-07-28 15:32:00',2.77,2.78,2.77,2.77,91920,'2025-07-29 14:12:46','2025-07-29 14:12:46',0.0000,0.3610),(627,'LCID','Lucid Group, Inc.','1m','2025-07-28 15:33:00',2.78,2.78,2.77,2.77,628617,'2025-07-29 14:12:46','2025-07-29 14:12:46',0.0000,0.3610),(628,'LCID','Lucid Group, Inc.','1m','2025-07-28 15:34:00',2.77,2.78,2.77,2.78,404872,'2025-07-29 14:12:46','2025-07-29 14:12:46',0.3610,0.3610),(629,'LCID','Lucid Group, Inc.','1m','2025-07-28 15:35:00',2.77,2.78,2.77,2.77,73746,'2025-07-29 14:12:46','2025-07-29 14:12:46',-0.3597,0.3597),(630,'LCID','Lucid Group, Inc.','1m','2025-07-28 15:36:00',2.78,2.78,2.77,2.77,84957,'2025-07-29 14:12:47','2025-07-29 14:12:47',0.0000,0.3610),(631,'LCID','Lucid Group, Inc.','1m','2025-07-28 15:37:00',2.77,2.78,2.77,2.78,88364,'2025-07-29 14:12:47','2025-07-29 14:12:47',0.3610,0.3610),(632,'LCID','Lucid Group, Inc.','1m','2025-07-28 15:38:00',2.77,2.78,2.77,2.78,48961,'2025-07-29 14:12:47','2025-07-29 14:12:47',0.0000,0.3597),(633,'LCID','Lucid Group, Inc.','1m','2025-07-28 15:39:00',2.77,2.78,2.77,2.77,81804,'2025-07-29 14:12:47','2025-07-29 14:12:47',-0.3597,0.3597),(634,'LCID','Lucid Group, Inc.','1m','2025-07-28 15:40:00',2.77,2.78,2.77,2.78,137135,'2025-07-29 14:12:47','2025-07-29 14:12:47',0.3610,0.3610),(635,'LCID','Lucid Group, Inc.','1m','2025-07-28 15:41:00',2.78,2.78,2.77,2.78,91172,'2025-07-29 14:12:47','2025-07-29 14:12:47',0.0000,0.3597),(636,'LCID','Lucid Group, Inc.','1m','2025-07-28 15:42:00',2.78,2.78,2.77,2.78,39143,'2025-07-29 14:12:47','2025-07-29 14:12:47',0.0000,0.3597),(637,'LCID','Lucid Group, Inc.','1m','2025-07-28 15:43:00',2.78,2.78,2.77,2.78,55904,'2025-07-29 14:12:47','2025-07-29 14:12:47',0.0000,0.3597),(638,'LCID','Lucid Group, Inc.','1m','2025-07-28 15:44:00',2.77,2.78,2.77,2.78,191477,'2025-07-29 14:12:47','2025-07-29 14:12:47',0.0000,0.3597),(639,'LCID','Lucid Group, Inc.','1m','2025-07-28 15:45:00',2.77,2.78,2.77,2.78,97723,'2025-07-29 14:12:47','2025-07-29 14:12:47',0.0000,0.3597),(640,'LCID','Lucid Group, Inc.','1m','2025-07-28 15:46:00',2.78,2.78,2.77,2.78,344973,'2025-07-29 14:12:47','2025-07-29 14:12:47',0.0000,0.3597),(641,'LCID','Lucid Group, Inc.','1m','2025-07-28 15:47:00',2.78,2.79,2.77,2.79,1253348,'2025-07-29 14:12:47','2025-07-29 14:12:47',0.3597,0.7194),(642,'LCID','Lucid Group, Inc.','1m','2025-07-28 15:48:00',2.78,2.80,2.78,2.80,630871,'2025-07-29 14:12:47','2025-07-29 14:12:47',0.3584,0.7168),(643,'LCID','Lucid Group, Inc.','1m','2025-07-28 15:49:00',2.80,2.80,2.79,2.80,194471,'2025-07-29 14:12:48','2025-07-29 14:12:48',0.0000,0.3571),(644,'LCID','Lucid Group, Inc.','1m','2025-07-28 15:50:00',2.79,2.80,2.79,2.80,153259,'2025-07-29 14:12:48','2025-07-29 14:12:48',0.0000,0.3571),(645,'LCID','Lucid Group, Inc.','1m','2025-07-28 15:51:00',2.80,2.80,2.79,2.80,297243,'2025-07-29 14:12:48','2025-07-29 14:12:48',0.0000,0.3571),(646,'LCID','Lucid Group, Inc.','1m','2025-07-28 15:52:00',2.79,2.80,2.79,2.80,101639,'2025-07-29 14:12:48','2025-07-29 14:12:48',0.0000,0.3571),(647,'LCID','Lucid Group, Inc.','1m','2025-07-28 15:53:00',2.80,2.80,2.79,2.80,183097,'2025-07-29 14:12:48','2025-07-29 14:12:48',0.0000,0.3571),(648,'LCID','Lucid Group, Inc.','1m','2025-07-28 15:54:00',2.80,2.80,2.79,2.79,385583,'2025-07-29 14:12:48','2025-07-29 14:12:48',-0.3571,0.3571),(649,'LCID','Lucid Group, Inc.','1m','2025-07-28 15:55:00',2.79,2.79,2.78,2.79,239979,'2025-07-29 14:12:48','2025-07-29 14:12:48',0.0000,0.3584),(650,'LCID','Lucid Group, Inc.','1m','2025-07-28 15:56:00',2.78,2.79,2.78,2.79,225050,'2025-07-29 14:12:48','2025-07-29 14:12:48',0.0000,0.3584),(651,'LCID','Lucid Group, Inc.','1m','2025-07-28 15:57:00',2.78,2.79,2.78,2.78,225501,'2025-07-29 14:12:48','2025-07-29 14:12:48',-0.3584,0.3584),(652,'LCID','Lucid Group, Inc.','1m','2025-07-28 15:58:00',2.78,2.79,2.78,2.79,908877,'2025-07-29 14:12:48','2025-07-29 14:12:48',0.3597,0.3597),(653,'LCID','Lucid Group, Inc.','1m','2025-07-28 15:59:00',2.78,2.79,2.78,2.79,2655280,'2025-07-29 14:12:48','2025-07-29 14:12:48',0.0000,0.3584),(654,'META','Meta Platforms, Inc.','1m','2025-07-28 15:30:00',714.60,714.82,714.60,714.69,7675,'2025-07-29 14:12:50','2025-07-29 14:12:50',NULL,NULL),(655,'META','Meta Platforms, Inc.','1m','2025-07-28 15:31:00',714.73,714.85,714.60,714.63,4746,'2025-07-29 14:12:50','2025-07-29 14:12:50',-0.0084,0.0350),(656,'META','Meta Platforms, Inc.','1m','2025-07-28 15:32:00',714.66,714.67,714.49,714.56,7613,'2025-07-29 14:12:50','2025-07-29 14:12:50',-0.0098,0.0252),(657,'META','Meta Platforms, Inc.','1m','2025-07-28 15:33:00',714.54,714.86,714.47,714.68,9054,'2025-07-29 14:12:50','2025-07-29 14:12:50',0.0168,0.0546),(658,'META','Meta Platforms, Inc.','1m','2025-07-28 15:34:00',714.73,714.81,714.55,714.75,12381,'2025-07-29 14:12:50','2025-07-29 14:12:50',0.0098,0.0364),(659,'META','Meta Platforms, Inc.','1m','2025-07-28 15:35:00',714.75,714.81,714.54,714.77,7704,'2025-07-29 14:12:50','2025-07-29 14:12:50',0.0028,0.0378),(660,'META','Meta Platforms, Inc.','1m','2025-07-28 15:36:00',714.79,714.93,714.76,714.92,6428,'2025-07-29 14:12:50','2025-07-29 14:12:50',0.0210,0.0238),(661,'META','Meta Platforms, Inc.','1m','2025-07-28 15:37:00',714.94,715.12,714.80,714.99,7970,'2025-07-29 14:12:51','2025-07-29 14:12:51',0.0098,0.0448),(662,'META','Meta Platforms, Inc.','1m','2025-07-28 15:38:00',714.99,715.10,714.85,714.90,4146,'2025-07-29 14:12:51','2025-07-29 14:12:51',-0.0126,0.0350),(663,'META','Meta Platforms, Inc.','1m','2025-07-28 15:39:00',714.87,715.02,714.66,714.93,7641,'2025-07-29 14:12:51','2025-07-29 14:12:51',0.0042,0.0504),(664,'META','Meta Platforms, Inc.','1m','2025-07-28 15:40:00',714.89,715.09,714.86,715.02,5645,'2025-07-29 14:12:51','2025-07-29 14:12:51',0.0126,0.0322),(665,'META','Meta Platforms, Inc.','1m','2025-07-28 15:41:00',715.06,715.28,714.99,715.26,12832,'2025-07-29 14:12:51','2025-07-29 14:12:51',0.0336,0.0406),(666,'META','Meta Platforms, Inc.','1m','2025-07-28 15:42:00',715.22,715.23,714.94,715.17,5595,'2025-07-29 14:12:51','2025-07-29 14:12:51',-0.0126,0.0405),(667,'META','Meta Platforms, Inc.','1m','2025-07-28 15:43:00',715.12,715.20,715.03,715.20,5375,'2025-07-29 14:12:51','2025-07-29 14:12:51',0.0042,0.0238),(668,'META','Meta Platforms, Inc.','1m','2025-07-28 15:44:00',715.16,715.21,715.00,715.04,4025,'2025-07-29 14:12:51','2025-07-29 14:12:51',-0.0224,0.0294),(669,'META','Meta Platforms, Inc.','1m','2025-07-28 15:45:00',715.11,715.18,715.01,715.05,2252,'2025-07-29 14:12:51','2025-07-29 14:12:51',0.0014,0.0238),(670,'META','Meta Platforms, Inc.','1m','2025-07-28 15:46:00',715.00,715.05,714.81,714.81,4575,'2025-07-29 14:12:52','2025-07-29 14:12:52',-0.0336,0.0336),(671,'META','Meta Platforms, Inc.','1m','2025-07-28 15:47:00',714.76,714.96,714.75,714.91,18850,'2025-07-29 14:12:52','2025-07-29 14:12:52',0.0140,0.0294),(672,'META','Meta Platforms, Inc.','1m','2025-07-28 15:48:00',714.91,715.08,714.76,715.07,5388,'2025-07-29 14:12:52','2025-07-29 14:12:52',0.0224,0.0448),(673,'META','Meta Platforms, Inc.','1m','2025-07-28 15:49:00',714.96,715.15,714.91,715.08,4459,'2025-07-29 14:12:52','2025-07-29 14:12:52',0.0014,0.0336),(674,'META','Meta Platforms, Inc.','1m','2025-07-28 15:50:00',714.99,715.77,714.94,715.58,16033,'2025-07-29 14:12:53','2025-07-29 14:12:53',0.0699,0.1161),(675,'META','Meta Platforms, Inc.','1m','2025-07-28 15:51:00',715.62,715.95,715.56,715.86,21105,'2025-07-29 14:12:53','2025-07-29 14:12:53',0.0391,0.0545),(676,'META','Meta Platforms, Inc.','1m','2025-07-28 15:52:00',715.95,716.24,715.93,716.24,12526,'2025-07-29 14:12:53','2025-07-29 14:12:53',0.0531,0.0433),(677,'META','Meta Platforms, Inc.','1m','2025-07-28 15:53:00',716.28,716.77,716.20,716.77,17370,'2025-07-29 14:12:53','2025-07-29 14:12:53',0.0740,0.0796),(678,'META','Meta Platforms, Inc.','1m','2025-07-28 15:54:00',716.82,717.31,716.39,716.78,22832,'2025-07-29 14:12:53','2025-07-29 14:12:53',0.0014,0.1284),(679,'META','Meta Platforms, Inc.','1m','2025-07-28 15:55:00',716.83,717.01,716.68,716.98,23914,'2025-07-29 14:12:53','2025-07-29 14:12:53',0.0279,0.0460),(680,'META','Meta Platforms, Inc.','1m','2025-07-28 15:56:00',716.98,717.15,716.87,717.11,30012,'2025-07-29 14:12:53','2025-07-29 14:12:53',0.0181,0.0391),(681,'META','Meta Platforms, Inc.','1m','2025-07-28 15:57:00',717.12,717.56,717.03,717.50,34764,'2025-07-29 14:12:53','2025-07-29 14:12:53',0.0544,0.0739),(682,'META','Meta Platforms, Inc.','1m','2025-07-28 15:58:00',717.43,717.50,717.24,717.24,37094,'2025-07-29 14:12:53','2025-07-29 14:12:53',-0.0362,0.0362),(683,'META','Meta Platforms, Inc.','1m','2025-07-28 15:59:00',717.27,717.88,717.20,717.63,878685,'2025-07-29 14:12:53','2025-07-29 14:12:53',0.0544,0.0948),(684,'MSFT','Microsoft Corporation','1m','2025-07-28 15:30:00',510.84,510.92,510.81,510.86,28773,'2025-07-29 14:12:55','2025-07-29 14:12:55',NULL,NULL),(685,'MSFT','Microsoft Corporation','1m','2025-07-28 15:31:00',510.86,510.94,510.84,510.87,10366,'2025-07-29 14:12:55','2025-07-29 14:12:55',0.0020,0.0196),(686,'MSFT','Microsoft Corporation','1m','2025-07-28 15:32:00',510.88,510.90,510.78,510.84,11521,'2025-07-29 14:12:55','2025-07-29 14:12:55',-0.0059,0.0235),(687,'MSFT','Microsoft Corporation','1m','2025-07-28 15:33:00',510.84,510.96,510.82,510.96,15614,'2025-07-29 14:12:55','2025-07-29 14:12:55',0.0235,0.0274),(688,'MSFT','Microsoft Corporation','1m','2025-07-28 15:34:00',510.96,510.96,510.73,510.80,26629,'2025-07-29 14:12:55','2025-07-29 14:12:55',-0.0313,0.0450),(689,'MSFT','Microsoft Corporation','1m','2025-07-28 15:35:00',510.76,510.80,510.71,510.80,15046,'2025-07-29 14:12:55','2025-07-29 14:12:55',0.0000,0.0176),(690,'MSFT','Microsoft Corporation','1m','2025-07-28 15:36:00',510.80,510.87,510.78,510.79,12977,'2025-07-29 14:12:55','2025-07-29 14:12:55',-0.0020,0.0176),(691,'MSFT','Microsoft Corporation','1m','2025-07-28 15:37:00',510.80,510.85,510.75,510.77,11199,'2025-07-29 14:12:55','2025-07-29 14:12:55',-0.0039,0.0196),(692,'MSFT','Microsoft Corporation','1m','2025-07-28 15:38:00',510.77,510.92,510.72,510.92,10684,'2025-07-29 14:12:55','2025-07-29 14:12:55',0.0294,0.0392),(693,'MSFT','Microsoft Corporation','1m','2025-07-28 15:39:00',510.92,510.93,510.81,510.84,26643,'2025-07-29 14:12:56','2025-07-29 14:12:56',-0.0157,0.0235),(694,'MSFT','Microsoft Corporation','1m','2025-07-28 15:40:00',510.85,511.02,510.85,510.99,18995,'2025-07-29 14:12:56','2025-07-29 14:12:56',0.0294,0.0333),(695,'MSFT','Microsoft Corporation','1m','2025-07-28 15:41:00',510.99,511.08,510.99,511.06,13008,'2025-07-29 14:12:56','2025-07-29 14:12:56',0.0137,0.0176),(696,'MSFT','Microsoft Corporation','1m','2025-07-28 15:42:00',511.05,511.10,511.03,511.07,13086,'2025-07-29 14:12:56','2025-07-29 14:12:56',0.0020,0.0137),(697,'MSFT','Microsoft Corporation','1m','2025-07-28 15:43:00',511.07,511.18,511.06,511.15,12894,'2025-07-29 14:12:56','2025-07-29 14:12:56',0.0157,0.0235),(698,'MSFT','Microsoft Corporation','1m','2025-07-28 15:44:00',511.16,511.18,511.09,511.16,11060,'2025-07-29 14:12:56','2025-07-29 14:12:56',0.0020,0.0176),(699,'MSFT','Microsoft Corporation','1m','2025-07-28 15:45:00',511.17,511.19,511.07,511.10,16607,'2025-07-29 14:12:56','2025-07-29 14:12:56',-0.0117,0.0235),(700,'MSFT','Microsoft Corporation','1m','2025-07-28 15:46:00',511.09,511.16,511.09,511.13,13525,'2025-07-29 14:12:57','2025-07-29 14:12:57',0.0059,0.0137),(701,'MSFT','Microsoft Corporation','1m','2025-07-28 15:47:00',511.13,511.21,511.10,511.10,39165,'2025-07-29 14:12:57','2025-07-29 14:12:57',-0.0059,0.0215),(702,'MSFT','Microsoft Corporation','1m','2025-07-28 15:48:00',511.12,511.12,511.01,511.08,11236,'2025-07-29 14:12:57','2025-07-29 14:12:57',-0.0039,0.0215),(703,'MSFT','Microsoft Corporation','1m','2025-07-28 15:49:00',511.05,511.20,511.05,511.20,12284,'2025-07-29 14:12:57','2025-07-29 14:12:57',0.0235,0.0293),(704,'MSFT','Microsoft Corporation','1m','2025-07-28 15:50:00',511.22,511.65,511.17,511.49,39844,'2025-07-29 14:12:57','2025-07-29 14:12:57',0.0567,0.0939),(705,'MSFT','Microsoft Corporation','1m','2025-07-28 15:51:00',511.50,511.53,511.28,511.30,21563,'2025-07-29 14:12:57','2025-07-29 14:12:57',-0.0371,0.0489),(706,'MSFT','Microsoft Corporation','1m','2025-07-28 15:52:00',511.30,511.50,511.26,511.50,26703,'2025-07-29 14:12:58','2025-07-29 14:12:58',0.0391,0.0469),(707,'MSFT','Microsoft Corporation','1m','2025-07-28 15:53:00',511.52,511.70,511.52,511.66,31025,'2025-07-29 14:12:58','2025-07-29 14:12:58',0.0313,0.0352),(708,'MSFT','Microsoft Corporation','1m','2025-07-28 15:54:00',511.68,512.00,511.59,511.74,43495,'2025-07-29 14:12:58','2025-07-29 14:12:58',0.0156,0.0801),(709,'MSFT','Microsoft Corporation','1m','2025-07-28 15:55:00',511.77,512.17,511.70,511.81,82889,'2025-07-29 14:12:58','2025-07-29 14:12:58',0.0137,0.0918),(710,'MSFT','Microsoft Corporation','1m','2025-07-28 15:56:00',511.80,511.95,511.80,511.90,56116,'2025-07-29 14:12:58','2025-07-29 14:12:58',0.0176,0.0293),(711,'MSFT','Microsoft Corporation','1m','2025-07-28 15:57:00',511.90,512.19,511.89,512.19,88646,'2025-07-29 14:12:59','2025-07-29 14:12:59',0.0567,0.0586),(712,'MSFT','Microsoft Corporation','1m','2025-07-28 15:58:00',512.18,512.32,512.16,512.32,98688,'2025-07-29 14:12:59','2025-07-29 14:12:59',0.0254,0.0312),(713,'MSFT','Microsoft Corporation','1m','2025-07-28 15:59:00',512.32,512.52,512.17,512.50,2236313,'2025-07-29 14:12:59','2025-07-29 14:12:59',0.0351,0.0683),(714,'NVDA','NVIDIA Corporation','1m','2025-07-28 15:30:00',176.16,176.18,176.10,176.12,197551,'2025-07-29 14:13:01','2025-07-29 14:13:01',NULL,NULL),(715,'NVDA','NVIDIA Corporation','1m','2025-07-28 15:31:00',176.13,176.15,176.10,176.15,201038,'2025-07-29 14:13:01','2025-07-29 14:13:01',0.0170,0.0284),(716,'NVDA','NVIDIA Corporation','1m','2025-07-28 15:32:00',176.15,176.15,176.01,176.05,220709,'2025-07-29 14:13:01','2025-07-29 14:13:01',-0.0568,0.0795),(717,'NVDA','NVIDIA Corporation','1m','2025-07-28 15:33:00',176.06,176.07,175.97,175.98,263588,'2025-07-29 14:13:01','2025-07-29 14:13:01',-0.0398,0.0568),(718,'NVDA','NVIDIA Corporation','1m','2025-07-28 15:34:00',175.99,176.00,175.90,176.00,254959,'2025-07-29 14:13:01','2025-07-29 14:13:01',0.0114,0.0568),(719,'NVDA','NVIDIA Corporation','1m','2025-07-28 15:35:00',176.00,176.00,175.89,175.90,202391,'2025-07-29 14:13:01','2025-07-29 14:13:01',-0.0568,0.0625),(720,'NVDA','NVIDIA Corporation','1m','2025-07-28 15:36:00',175.90,175.93,175.87,175.90,230541,'2025-07-29 14:13:01','2025-07-29 14:13:01',0.0000,0.0341),(721,'NVDA','NVIDIA Corporation','1m','2025-07-28 15:37:00',175.90,175.91,175.84,175.90,223097,'2025-07-29 14:13:01','2025-07-29 14:13:01',0.0000,0.0398),(722,'NVDA','NVIDIA Corporation','1m','2025-07-28 15:38:00',175.91,175.95,175.86,175.93,184865,'2025-07-29 14:13:01','2025-07-29 14:13:01',0.0171,0.0512),(723,'NVDA','NVIDIA Corporation','1m','2025-07-28 15:39:00',175.93,175.94,175.86,175.87,184811,'2025-07-29 14:13:02','2025-07-29 14:13:02',-0.0341,0.0455),(724,'NVDA','NVIDIA Corporation','1m','2025-07-28 15:40:00',175.87,175.96,175.85,175.93,221033,'2025-07-29 14:13:02','2025-07-29 14:13:02',0.0341,0.0625),(725,'NVDA','NVIDIA Corporation','1m','2025-07-28 15:41:00',175.94,176.03,175.92,176.00,245361,'2025-07-29 14:13:02','2025-07-29 14:13:02',0.0398,0.0625),(726,'NVDA','NVIDIA Corporation','1m','2025-07-28 15:42:00',176.00,176.07,176.00,176.01,254985,'2025-07-29 14:13:02','2025-07-29 14:13:02',0.0057,0.0398),(727,'NVDA','NVIDIA Corporation','1m','2025-07-28 15:43:00',176.02,176.05,175.97,175.99,193024,'2025-07-29 14:13:02','2025-07-29 14:13:02',-0.0114,0.0455),(728,'NVDA','NVIDIA Corporation','1m','2025-07-28 15:44:00',175.98,176.01,175.97,176.00,131513,'2025-07-29 14:13:02','2025-07-29 14:13:02',0.0057,0.0227),(729,'NVDA','NVIDIA Corporation','1m','2025-07-28 15:45:00',175.99,176.00,175.90,175.91,185082,'2025-07-29 14:13:02','2025-07-29 14:13:02',-0.0511,0.0568),(730,'NVDA','NVIDIA Corporation','1m','2025-07-28 15:46:00',175.90,175.93,175.88,175.90,157507,'2025-07-29 14:13:02','2025-07-29 14:13:02',-0.0057,0.0284),(731,'NVDA','NVIDIA Corporation','1m','2025-07-28 15:47:00',175.90,175.93,175.87,175.90,228537,'2025-07-29 14:13:02','2025-07-29 14:13:02',0.0000,0.0341),(732,'NVDA','NVIDIA Corporation','1m','2025-07-28 15:48:00',175.90,175.96,175.89,175.93,157468,'2025-07-29 14:13:02','2025-07-29 14:13:02',0.0171,0.0398),(733,'NVDA','NVIDIA Corporation','1m','2025-07-28 15:49:00',175.92,176.00,175.90,176.00,253072,'2025-07-29 14:13:02','2025-07-29 14:13:02',0.0398,0.0568),(744,'ORCL','Oracle Corporation','1m','2025-07-28 15:30:00',246.89,246.96,246.83,246.96,9784,'2025-07-29 14:13:05','2025-07-29 14:13:05',NULL,NULL),(745,'ORCL','Oracle Corporation','1m','2025-07-28 15:31:00',246.93,247.02,246.83,246.83,9683,'2025-07-29 14:13:05','2025-07-29 14:13:05',-0.0526,0.0769),(746,'ORCL','Oracle Corporation','1m','2025-07-28 15:32:00',246.89,247.00,246.89,246.99,7124,'2025-07-29 14:13:05','2025-07-29 14:13:05',0.0648,0.0446),(747,'ORCL','Oracle Corporation','1m','2025-07-28 15:33:00',246.96,247.02,246.92,246.97,12895,'2025-07-29 14:13:05','2025-07-29 14:13:05',-0.0081,0.0405),(748,'ORCL','Oracle Corporation','1m','2025-07-28 15:34:00',247.00,247.08,246.94,247.07,13213,'2025-07-29 14:13:06','2025-07-29 14:13:06',0.0405,0.0567),(749,'ORCL','Oracle Corporation','1m','2025-07-28 15:35:00',247.04,247.08,246.75,246.82,21112,'2025-07-29 14:13:06','2025-07-29 14:13:06',-0.1012,0.1336),(750,'ORCL','Oracle Corporation','1m','2025-07-28 15:36:00',246.82,246.94,246.82,246.89,6811,'2025-07-29 14:13:07','2025-07-29 14:13:07',0.0284,0.0486),(751,'ORCL','Oracle Corporation','1m','2025-07-28 15:37:00',246.89,246.96,246.88,246.94,6812,'2025-07-29 14:13:07','2025-07-29 14:13:07',0.0203,0.0324),(752,'ORCL','Oracle Corporation','1m','2025-07-28 15:38:00',246.95,247.10,246.95,247.09,11504,'2025-07-29 14:13:07','2025-07-29 14:13:07',0.0607,0.0607),(753,'ORCL','Oracle Corporation','1m','2025-07-28 15:39:00',247.13,247.14,246.99,247.03,32860,'2025-07-29 14:13:07','2025-07-29 14:13:07',-0.0243,0.0607),(754,'ORCL','Oracle Corporation','1m','2025-07-28 15:40:00',247.03,247.16,247.02,247.16,7353,'2025-07-29 14:13:08','2025-07-29 14:13:08',0.0526,0.0567),(755,'ORCL','Oracle Corporation','1m','2025-07-28 15:41:00',247.16,247.18,247.09,247.18,10532,'2025-07-29 14:13:08','2025-07-29 14:13:08',0.0081,0.0364),(756,'ORCL','Oracle Corporation','1m','2025-07-28 15:42:00',247.18,247.20,247.07,247.09,27344,'2025-07-29 14:13:08','2025-07-29 14:13:08',-0.0364,0.0526),(757,'ORCL','Oracle Corporation','1m','2025-07-28 15:43:00',247.11,247.25,247.03,247.24,19798,'2025-07-29 14:13:08','2025-07-29 14:13:08',0.0607,0.0890),(758,'ORCL','Oracle Corporation','1m','2025-07-28 15:44:00',247.25,247.37,247.19,247.36,18646,'2025-07-29 14:13:08','2025-07-29 14:13:08',0.0485,0.0728),(759,'ORCL','Oracle Corporation','1m','2025-07-28 15:45:00',247.34,247.37,247.15,247.17,23505,'2025-07-29 14:13:08','2025-07-29 14:13:08',-0.0768,0.0889),(760,'ORCL','Oracle Corporation','1m','2025-07-28 15:46:00',247.16,247.28,247.13,247.27,7111,'2025-07-29 14:13:08','2025-07-29 14:13:08',0.0405,0.0607),(761,'ORCL','Oracle Corporation','1m','2025-07-28 15:47:00',247.27,247.37,247.25,247.32,22886,'2025-07-29 14:13:08','2025-07-29 14:13:08',0.0202,0.0485),(762,'ORCL','Oracle Corporation','1m','2025-07-28 15:48:00',247.35,247.41,247.28,247.41,23636,'2025-07-29 14:13:08','2025-07-29 14:13:08',0.0364,0.0526),(763,'ORCL','Oracle Corporation','1m','2025-07-28 15:49:00',247.36,247.57,247.35,247.47,23799,'2025-07-29 14:13:08','2025-07-29 14:13:08',0.0243,0.0889),(764,'ORCL','Oracle Corporation','1m','2025-07-28 15:50:00',247.44,247.51,247.21,247.21,23810,'2025-07-29 14:13:09','2025-07-29 14:13:09',-0.1051,0.1212),(765,'ORCL','Oracle Corporation','1m','2025-07-28 15:51:00',247.25,247.37,247.25,247.33,28394,'2025-07-29 14:13:09','2025-07-29 14:13:09',0.0485,0.0485),(766,'ORCL','Oracle Corporation','1m','2025-07-28 15:52:00',247.34,247.57,247.33,247.56,22585,'2025-07-29 14:13:09','2025-07-29 14:13:09',0.0930,0.0970),(767,'ORCL','Oracle Corporation','1m','2025-07-28 15:53:00',247.55,247.68,247.47,247.54,31880,'2025-07-29 14:13:09','2025-07-29 14:13:09',-0.0081,0.0848),(768,'ORCL','Oracle Corporation','1m','2025-07-28 15:54:00',247.54,247.68,247.48,247.51,36294,'2025-07-29 14:13:09','2025-07-29 14:13:09',-0.0121,0.0808),(769,'ORCL','Oracle Corporation','1m','2025-07-28 15:55:00',247.49,247.56,247.38,247.45,22179,'2025-07-29 14:13:09','2025-07-29 14:13:09',-0.0242,0.0727),(770,'ORCL','Oracle Corporation','1m','2025-07-28 15:56:00',247.45,247.61,247.30,247.34,56192,'2025-07-29 14:13:09','2025-07-29 14:13:09',-0.0445,0.1253),(771,'ORCL','Oracle Corporation','1m','2025-07-28 15:57:00',247.34,247.54,247.27,247.54,55715,'2025-07-29 14:13:09','2025-07-29 14:13:09',0.0809,0.1092),(772,'ORCL','Oracle Corporation','1m','2025-07-28 15:58:00',247.56,247.69,247.39,247.69,96337,'2025-07-29 14:13:09','2025-07-29 14:13:09',0.0606,0.1212),(773,'ORCL','Oracle Corporation','1m','2025-07-28 15:59:00',247.68,247.78,247.62,247.64,166444,'2025-07-29 14:13:09','2025-07-29 14:13:09',-0.0202,0.0646),(774,'SHOP','Shopify Inc.','1m','2025-07-28 15:30:00',126.58,126.60,126.55,126.55,3020,'2025-07-29 14:13:11','2025-07-29 14:13:11',NULL,NULL),(775,'SHOP','Shopify Inc.','1m','2025-07-28 15:31:00',126.54,126.61,126.47,126.48,31758,'2025-07-29 14:13:11','2025-07-29 14:13:11',-0.0553,0.1106),(776,'SHOP','Shopify Inc.','1m','2025-07-28 15:32:00',126.47,126.70,126.47,126.70,15402,'2025-07-29 14:13:11','2025-07-29 14:13:11',0.1739,0.1818),(777,'SHOP','Shopify Inc.','1m','2025-07-28 15:33:00',126.70,126.70,126.62,126.66,6385,'2025-07-29 14:13:11','2025-07-29 14:13:11',-0.0316,0.0631),(778,'SHOP','Shopify Inc.','1m','2025-07-28 15:34:00',126.67,126.70,126.65,126.70,5296,'2025-07-29 14:13:11','2025-07-29 14:13:11',0.0316,0.0395),(779,'SHOP','Shopify Inc.','1m','2025-07-28 15:35:00',126.70,126.74,126.69,126.73,3357,'2025-07-29 14:13:11','2025-07-29 14:13:11',0.0237,0.0395),(780,'SHOP','Shopify Inc.','1m','2025-07-28 15:36:00',126.73,126.75,126.69,126.73,6301,'2025-07-29 14:13:11','2025-07-29 14:13:11',0.0000,0.0473),(781,'SHOP','Shopify Inc.','1m','2025-07-28 15:37:00',126.73,126.79,126.72,126.73,6762,'2025-07-29 14:13:12','2025-07-29 14:13:12',0.0000,0.0552),(782,'SHOP','Shopify Inc.','1m','2025-07-28 15:38:00',126.72,126.73,126.69,126.72,2201,'2025-07-29 14:13:12','2025-07-29 14:13:12',-0.0079,0.0316),(783,'SHOP','Shopify Inc.','1m','2025-07-28 15:39:00',126.71,126.71,126.63,126.64,2350,'2025-07-29 14:13:12','2025-07-29 14:13:12',-0.0631,0.0631),(784,'SHOP','Shopify Inc.','1m','2025-07-28 15:40:00',126.63,126.72,126.63,126.70,8424,'2025-07-29 14:13:12','2025-07-29 14:13:12',0.0474,0.0711),(785,'SHOP','Shopify Inc.','1m','2025-07-28 15:41:00',126.70,126.75,126.70,126.72,4107,'2025-07-29 14:13:12','2025-07-29 14:13:12',0.0158,0.0395),(786,'SHOP','Shopify Inc.','1m','2025-07-28 15:42:00',126.71,126.71,126.67,126.70,2425,'2025-07-29 14:13:12','2025-07-29 14:13:12',-0.0158,0.0316),(787,'SHOP','Shopify Inc.','1m','2025-07-28 15:43:00',126.70,126.73,126.65,126.67,5539,'2025-07-29 14:13:12','2025-07-29 14:13:12',-0.0237,0.0631),(788,'SHOP','Shopify Inc.','1m','2025-07-28 15:44:00',126.66,126.72,126.64,126.72,5637,'2025-07-29 14:13:12','2025-07-29 14:13:12',0.0395,0.0632),(789,'SHOP','Shopify Inc.','1m','2025-07-28 15:45:00',126.74,126.80,126.70,126.74,10045,'2025-07-29 14:13:13','2025-07-29 14:13:13',0.0158,0.0789),(790,'SHOP','Shopify Inc.','1m','2025-07-28 15:46:00',126.76,126.79,126.74,126.78,4150,'2025-07-29 14:13:13','2025-07-29 14:13:13',0.0316,0.0395),(791,'SHOP','Shopify Inc.','1m','2025-07-28 15:47:00',126.77,126.81,126.76,126.81,7260,'2025-07-29 14:13:13','2025-07-29 14:13:13',0.0237,0.0394),(792,'SHOP','Shopify Inc.','1m','2025-07-28 15:48:00',126.81,126.87,126.78,126.87,9552,'2025-07-29 14:13:13','2025-07-29 14:13:13',0.0473,0.0710),(793,'SHOP','Shopify Inc.','1m','2025-07-28 15:49:00',126.86,126.92,126.84,126.89,7300,'2025-07-29 14:13:13','2025-07-29 14:13:13',0.0158,0.0631),(794,'SHOP','Shopify Inc.','1m','2025-07-28 15:50:00',126.87,126.94,126.70,126.79,39376,'2025-07-29 14:13:13','2025-07-29 14:13:13',-0.0788,0.1891),(795,'SHOP','Shopify Inc.','1m','2025-07-28 15:51:00',126.78,126.78,126.64,126.70,7925,'2025-07-29 14:13:13','2025-07-29 14:13:13',-0.0710,0.1104),(796,'SHOP','Shopify Inc.','1m','2025-07-28 15:52:00',126.69,126.73,126.68,126.72,19646,'2025-07-29 14:13:13','2025-07-29 14:13:13',0.0158,0.0395),(797,'SHOP','Shopify Inc.','1m','2025-07-28 15:53:00',126.72,126.80,126.67,126.80,15305,'2025-07-29 14:13:13','2025-07-29 14:13:13',0.0631,0.1026),(798,'SHOP','Shopify Inc.','1m','2025-07-28 15:54:00',126.81,126.87,126.74,126.83,21407,'2025-07-29 14:13:13','2025-07-29 14:13:13',0.0237,0.1025),(799,'SHOP','Shopify Inc.','1m','2025-07-28 15:55:00',126.83,126.83,126.69,126.71,28027,'2025-07-29 14:13:13','2025-07-29 14:13:13',-0.0946,0.1104),(800,'SHOP','Shopify Inc.','1m','2025-07-28 15:56:00',126.70,126.71,126.64,126.66,24070,'2025-07-29 14:13:13','2025-07-29 14:13:13',-0.0395,0.0552),(801,'SHOP','Shopify Inc.','1m','2025-07-28 15:57:00',126.67,126.74,126.64,126.72,31920,'2025-07-29 14:13:13','2025-07-29 14:13:13',0.0474,0.0790),(802,'SHOP','Shopify Inc.','1m','2025-07-28 15:58:00',126.72,126.84,126.72,126.82,67733,'2025-07-29 14:13:13','2025-07-29 14:13:13',0.0789,0.0947),(803,'SHOP','Shopify Inc.','1m','2025-07-28 15:59:00',126.82,126.86,126.78,126.84,412890,'2025-07-29 14:13:14','2025-07-29 14:13:14',0.0158,0.0631),(804,'TRI','Thomson Reuters Corporation','1m','2025-07-28 15:30:00',200.54,200.54,200.49,200.49,1270,'2025-07-29 14:13:15','2025-07-29 14:13:15',NULL,NULL),(805,'TRI','Thomson Reuters Corporation','1m','2025-07-28 15:31:00',200.49,200.56,200.49,200.56,2155,'2025-07-29 14:13:15','2025-07-29 14:13:15',0.0349,0.0349),(806,'TRI','Thomson Reuters Corporation','1m','2025-07-28 15:32:00',200.56,200.69,200.56,200.68,2287,'2025-07-29 14:13:15','2025-07-29 14:13:15',0.0598,0.0648),(807,'TRI','Thomson Reuters Corporation','1m','2025-07-28 15:33:00',200.70,200.73,200.58,200.60,2368,'2025-07-29 14:13:15','2025-07-29 14:13:15',-0.0399,0.0747),(808,'TRI','Thomson Reuters Corporation','1m','2025-07-28 15:34:00',200.63,200.84,200.62,200.70,1977,'2025-07-29 14:13:15','2025-07-29 14:13:15',0.0499,0.1097),(809,'TRI','Thomson Reuters Corporation','1m','2025-07-28 15:35:00',200.70,200.73,200.70,200.73,300,'2025-07-29 14:13:16','2025-07-29 14:13:16',0.0149,0.0149),(810,'TRI','Thomson Reuters Corporation','1m','2025-07-28 15:36:00',200.73,200.89,200.73,200.78,4480,'2025-07-29 14:13:16','2025-07-29 14:13:16',0.0249,0.0797),(811,'TRI','Thomson Reuters Corporation','1m','2025-07-28 15:37:00',200.73,200.79,200.70,200.78,1485,'2025-07-29 14:13:16','2025-07-29 14:13:16',0.0000,0.0448),(812,'TRI','Thomson Reuters Corporation','1m','2025-07-28 15:38:00',200.77,200.77,200.65,200.65,3253,'2025-07-29 14:13:16','2025-07-29 14:13:16',-0.0647,0.0598),(813,'TRI','Thomson Reuters Corporation','1m','2025-07-28 15:39:00',200.68,200.74,200.65,200.69,3733,'2025-07-29 14:13:16','2025-07-29 14:13:16',0.0199,0.0449),(814,'TRI','Thomson Reuters Corporation','1m','2025-07-28 15:40:00',200.64,200.69,200.60,200.67,3932,'2025-07-29 14:13:16','2025-07-29 14:13:16',-0.0100,0.0448),(815,'TRI','Thomson Reuters Corporation','1m','2025-07-28 15:41:00',200.67,200.67,200.63,200.67,1000,'2025-07-29 14:13:16','2025-07-29 14:13:16',0.0000,0.0199),(816,'TRI','Thomson Reuters Corporation','1m','2025-07-28 15:42:00',200.70,200.71,200.64,200.68,1300,'2025-07-29 14:13:16','2025-07-29 14:13:16',0.0050,0.0349),(817,'TRI','Thomson Reuters Corporation','1m','2025-07-28 15:43:00',200.63,200.63,200.47,200.47,3005,'2025-07-29 14:13:16','2025-07-29 14:13:16',-0.1046,0.0797),(818,'TRI','Thomson Reuters Corporation','1m','2025-07-28 15:44:00',200.48,200.52,200.48,200.50,1236,'2025-07-29 14:13:16','2025-07-29 14:13:16',0.0150,0.0200),(819,'TRI','Thomson Reuters Corporation','1m','2025-07-28 15:45:00',200.50,200.51,200.42,200.42,2816,'2025-07-29 14:13:16','2025-07-29 14:13:16',-0.0399,0.0449),(820,'TRI','Thomson Reuters Corporation','1m','2025-07-28 15:46:00',200.43,200.53,200.43,200.49,2796,'2025-07-29 14:13:17','2025-07-29 14:13:17',0.0349,0.0499),(821,'TRI','Thomson Reuters Corporation','1m','2025-07-28 15:47:00',200.49,200.54,200.44,200.47,3855,'2025-07-29 14:13:17','2025-07-29 14:13:17',-0.0100,0.0499),(822,'TRI','Thomson Reuters Corporation','1m','2025-07-28 15:48:00',200.47,200.47,200.45,200.45,700,'2025-07-29 14:13:17','2025-07-29 14:13:17',-0.0100,0.0100),(823,'TRI','Thomson Reuters Corporation','1m','2025-07-28 15:49:00',200.47,200.52,200.46,200.48,3173,'2025-07-29 14:13:17','2025-07-29 14:13:17',0.0150,0.0299),(824,'TRI','Thomson Reuters Corporation','1m','2025-07-28 15:50:00',200.52,200.89,200.16,200.76,19685,'2025-07-29 14:13:17','2025-07-29 14:13:17',0.1397,0.3641),(825,'TRI','Thomson Reuters Corporation','1m','2025-07-28 15:51:00',200.80,200.84,200.61,200.66,6374,'2025-07-29 14:13:17','2025-07-29 14:13:17',-0.0498,0.1146),(826,'TRI','Thomson Reuters Corporation','1m','2025-07-28 15:52:00',200.70,200.73,200.61,200.69,5260,'2025-07-29 14:13:17','2025-07-29 14:13:17',0.0150,0.0598),(827,'TRI','Thomson Reuters Corporation','1m','2025-07-28 15:53:00',200.73,200.95,200.72,200.93,4669,'2025-07-29 14:13:17','2025-07-29 14:13:17',0.1196,0.1146),(828,'TRI','Thomson Reuters Corporation','1m','2025-07-28 15:54:00',200.90,201.10,200.75,200.92,10185,'2025-07-29 14:13:17','2025-07-29 14:13:17',-0.0050,0.1742),(829,'TRI','Thomson Reuters Corporation','1m','2025-07-28 15:55:00',201.02,201.20,200.80,200.85,19122,'2025-07-29 14:13:17','2025-07-29 14:13:17',-0.0348,0.1991),(830,'TRI','Thomson Reuters Corporation','1m','2025-07-28 15:56:00',200.83,200.93,200.77,200.84,17117,'2025-07-29 14:13:17','2025-07-29 14:13:17',-0.0050,0.0797),(831,'TRI','Thomson Reuters Corporation','1m','2025-07-28 15:57:00',200.81,200.82,200.69,200.73,28496,'2025-07-29 14:13:17','2025-07-29 14:13:17',-0.0548,0.0647),(832,'TRI','Thomson Reuters Corporation','1m','2025-07-28 15:58:00',200.74,200.75,200.64,200.64,27126,'2025-07-29 14:13:17','2025-07-29 14:13:17',-0.0448,0.0548),(833,'TRI','Thomson Reuters Corporation','1m','2025-07-28 15:59:00',200.64,200.81,200.58,200.78,244911,'2025-07-29 14:13:17','2025-07-29 14:13:17',0.0698,0.1146),(864,'WBD','Warner Bros. Discovery, Inc.','1m','2025-07-28 15:30:00',13.69,13.69,13.68,13.69,386834,'2025-07-29 14:13:22','2025-07-29 14:13:22',NULL,NULL),(865,'WBD','Warner Bros. Discovery, Inc.','1m','2025-07-28 15:31:00',13.69,13.72,13.68,13.72,613501,'2025-07-29 14:13:22','2025-07-29 14:13:22',0.2191,0.2922),(866,'WBD','Warner Bros. Discovery, Inc.','1m','2025-07-28 15:32:00',13.72,13.72,13.69,13.70,532479,'2025-07-29 14:13:22','2025-07-29 14:13:22',-0.1458,0.2187),(867,'WBD','Warner Bros. Discovery, Inc.','1m','2025-07-28 15:33:00',13.70,13.71,13.69,13.70,432945,'2025-07-29 14:13:22','2025-07-29 14:13:22',0.0000,0.1460),(868,'WBD','Warner Bros. Discovery, Inc.','1m','2025-07-28 15:34:00',13.70,13.71,13.69,13.70,426203,'2025-07-29 14:13:22','2025-07-29 14:13:22',0.0000,0.1460),(869,'WBD','Warner Bros. Discovery, Inc.','1m','2025-07-28 15:35:00',13.70,13.70,13.69,13.69,137478,'2025-07-29 14:13:22','2025-07-29 14:13:22',-0.0730,0.0730),(870,'WBD','Warner Bros. Discovery, Inc.','1m','2025-07-28 15:36:00',13.70,13.70,13.68,13.69,266722,'2025-07-29 14:13:22','2025-07-29 14:13:22',0.0000,0.1461),(871,'WBD','Warner Bros. Discovery, Inc.','1m','2025-07-28 15:37:00',13.69,13.70,13.68,13.70,254001,'2025-07-29 14:13:22','2025-07-29 14:13:22',0.0730,0.1461),(872,'WBD','Warner Bros. Discovery, Inc.','1m','2025-07-28 15:38:00',13.70,13.70,13.69,13.69,235781,'2025-07-29 14:13:22','2025-07-29 14:13:22',-0.0730,0.0730),(873,'WBD','Warner Bros. Discovery, Inc.','1m','2025-07-28 15:39:00',13.69,13.69,13.68,13.68,60845,'2025-07-29 14:13:23','2025-07-29 14:13:23',-0.0730,0.0730),(874,'WBD','Warner Bros. Discovery, Inc.','1m','2025-07-28 15:40:00',13.68,13.69,13.68,13.69,200355,'2025-07-29 14:13:23','2025-07-29 14:13:23',0.0731,0.0731),(875,'WBD','Warner Bros. Discovery, Inc.','1m','2025-07-28 15:41:00',13.69,13.70,13.69,13.70,167436,'2025-07-29 14:13:23','2025-07-29 14:13:23',0.0730,0.0730),(876,'WBD','Warner Bros. Discovery, Inc.','1m','2025-07-28 15:42:00',13.69,13.70,13.68,13.68,171861,'2025-07-29 14:13:23','2025-07-29 14:13:23',-0.1460,0.1460),(877,'WBD','Warner Bros. Discovery, Inc.','1m','2025-07-28 15:43:00',13.69,13.70,13.68,13.69,97107,'2025-07-29 14:13:23','2025-07-29 14:13:23',0.0731,0.1462),(878,'WBD','Warner Bros. Discovery, Inc.','1m','2025-07-28 15:44:00',13.70,13.70,13.69,13.70,82647,'2025-07-29 14:13:23','2025-07-29 14:13:23',0.0730,0.0730),(879,'WBD','Warner Bros. Discovery, Inc.','1m','2025-07-28 15:45:00',13.70,13.70,13.69,13.70,49251,'2025-07-29 14:13:23','2025-07-29 14:13:23',0.0000,0.0730),(880,'WBD','Warner Bros. Discovery, Inc.','1m','2025-07-28 15:46:00',13.70,13.70,13.69,13.70,74592,'2025-07-29 14:13:23','2025-07-29 14:13:23',0.0000,0.0730),(881,'WBD','Warner Bros. Discovery, Inc.','1m','2025-07-28 15:47:00',13.70,13.70,13.68,13.69,182063,'2025-07-29 14:13:23','2025-07-29 14:13:23',-0.0730,0.1460),(882,'WBD','Warner Bros. Discovery, Inc.','1m','2025-07-28 15:48:00',13.69,13.70,13.68,13.69,94899,'2025-07-29 14:13:23','2025-07-29 14:13:23',0.0000,0.1461),(883,'WBD','Warner Bros. Discovery, Inc.','1m','2025-07-28 15:49:00',13.70,13.72,13.69,13.70,176354,'2025-07-29 14:13:23','2025-07-29 14:13:23',0.0730,0.2191),(884,'WBD','Warner Bros. Discovery, Inc.','1m','2025-07-28 15:50:00',13.71,13.71,13.70,13.71,84354,'2025-07-29 14:13:23','2025-07-29 14:13:23',0.0730,0.0730),(885,'WBD','Warner Bros. Discovery, Inc.','1m','2025-07-28 15:51:00',13.71,13.71,13.69,13.70,165558,'2025-07-29 14:13:23','2025-07-29 14:13:23',-0.0729,0.1459),(886,'WBD','Warner Bros. Discovery, Inc.','1m','2025-07-28 15:52:00',13.70,13.72,13.70,13.71,133136,'2025-07-29 14:13:24','2025-07-29 14:13:24',0.0730,0.1460),(887,'WBD','Warner Bros. Discovery, Inc.','1m','2025-07-28 15:53:00',13.71,13.72,13.70,13.71,338060,'2025-07-29 14:13:24','2025-07-29 14:13:24',0.0000,0.1459),(888,'WBD','Warner Bros. Discovery, Inc.','1m','2025-07-28 15:54:00',13.71,13.71,13.68,13.71,599813,'2025-07-29 14:13:24','2025-07-29 14:13:24',0.0000,0.2188),(889,'WBD','Warner Bros. Discovery, Inc.','1m','2025-07-28 15:55:00',13.70,13.71,13.70,13.71,362063,'2025-07-29 14:13:24','2025-07-29 14:13:24',0.0000,0.0729),(890,'WBD','Warner Bros. Discovery, Inc.','1m','2025-07-28 15:56:00',13.71,13.72,13.70,13.72,593219,'2025-07-29 14:13:24','2025-07-29 14:13:24',0.0729,0.1459),(891,'WBD','Warner Bros. Discovery, Inc.','1m','2025-07-28 15:57:00',13.72,13.72,13.69,13.70,396932,'2025-07-29 14:13:24','2025-07-29 14:13:24',-0.1458,0.2187),(892,'WBD','Warner Bros. Discovery, Inc.','1m','2025-07-28 15:58:00',13.70,13.70,13.68,13.69,995972,'2025-07-29 14:13:24','2025-07-29 14:13:24',-0.0730,0.1460),(893,'WBD','Warner Bros. Discovery, Inc.','1m','2025-07-28 15:59:00',13.69,13.70,13.66,13.70,3272561,'2025-07-29 14:13:24','2025-07-29 14:13:24',0.0730,0.2922);
/*!40000 ALTER TABLE `stock_price_history` ENABLE KEYS */;
UNLOCK TABLES;
/*!50003 SET @saved_cs_client      = @@character_set_client */ ;
/*!50003 SET @saved_cs_results     = @@character_set_results */ ;
/*!50003 SET @saved_col_connection = @@collation_connection */ ;
/*!50003 SET character_set_client  = utf8mb4 */ ;
/*!50003 SET character_set_results = utf8mb4 */ ;
/*!50003 SET collation_connection  = utf8mb4_0900_ai_ci */ ;
/*!50003 SET @saved_sql_mode       = @@sql_mode */ ;
/*!50003 SET sql_mode              = 'ONLY_FULL_GROUP_BY,STRICT_TRANS_TABLES,NO_ZERO_IN_DATE,NO_ZERO_DATE,ERROR_FOR_DIVISION_BY_ZERO,NO_ENGINE_SUBSTITUTION' */ ;
DELIMITER ;;
/*!50003 CREATE*/ /*!50017 DEFINER=`root`@`localhost`*/ /*!50003 TRIGGER `trg_calc_change_amplitude` BEFORE INSERT ON `stock_price_history` FOR EACH ROW BEGIN
    DECLARE prev_close DECIMAL(10, 2);

    -- 获取上一周期的收盘价（相同股票代码和周期，且时间在当前插入记录之前，按时间倒序只取一个）
    SELECT close_price
    INTO prev_close
    FROM stock_price_history
    WHERE stock_code = NEW.stock_code
      AND time_interval = NEW.time_interval
      AND timestamp < NEW.timestamp
    ORDER BY timestamp DESC
    LIMIT 1;

    -- 如果有上一周期数据，则计算涨跌幅
    IF prev_close IS NOT NULL AND prev_close > 0 THEN
        SET NEW.change_percent = ROUND(((NEW.close_price - prev_close) / prev_close) * 100, 4);
    ELSE
        SET NEW.change_percent = NULL;
    END IF;

    -- 振幅计算：((high - low) / previous close) × 100
    IF prev_close IS NOT NULL AND prev_close > 0 THEN
        SET NEW.amplitude_percent = ROUND(((NEW.high_price - NEW.low_price) / prev_close) * 100, 4);
    ELSE
        SET NEW.amplitude_percent = NULL;
    END IF;
END */;;
DELIMITER ;
/*!50003 SET sql_mode              = @saved_sql_mode */ ;
/*!50003 SET character_set_client  = @saved_cs_client */ ;
/*!50003 SET character_set_results = @saved_cs_results */ ;
/*!50003 SET collation_connection  = @saved_col_connection */ ;

--
-- Table structure for table `stock_recommendation`
--

DROP TABLE IF EXISTS `stock_recommendation`;
/*!40101 SET @saved_cs_client     = @@character_set_client */;
/*!50503 SET character_set_client = utf8mb4 */;
CREATE TABLE `stock_recommendation` (
  `id` bigint(20) NOT NULL AUTO_INCREMENT COMMENT '主键',
  `stock_code` varchar(20) CHARACTER SET utf8mb4 COLLATE utf8mb4_general_ci NOT NULL,
  `period` varchar(20) NOT NULL COMMENT '时间周期，例如0m、-1m、-2m',
  `strong_buy` int(11) DEFAULT '0' COMMENT '强烈推荐买入程度',
  `buy` int(11) DEFAULT '0' COMMENT '推荐买入程度',
  `hold` int(11) DEFAULT '0' COMMENT '推荐持有程度',
  `sell` int(11) DEFAULT '0' COMMENT '推荐卖出程度',
  `strong_sell` int(11) DEFAULT '0' COMMENT '强烈推荐卖出程度',
  `create_time` datetime NOT NULL COMMENT '缓存时间',
  PRIMARY KEY (`id`),
  UNIQUE KEY `uq_stock_time` (`stock_code`,`period`),
  CONSTRAINT `fk_stock_code_reco` FOREIGN KEY (`stock_code`) REFERENCES `stocks` (`stock_code`)
) ENGINE=InnoDB AUTO_INCREMENT=289 DEFAULT CHARSET=utf8mb4 COLLATE=utf8mb4_0900_ai_ci COMMENT='股票推荐程度汇总表';
/*!40101 SET character_set_client = @saved_cs_client */;

--
-- Dumping data for table `stock_recommendation`
--

LOCK TABLES `stock_recommendation` WRITE;
/*!40000 ALTER TABLE `stock_recommendation` DISABLE KEYS */;
INSERT INTO `stock_recommendation` VALUES (1,'AAPL','0m',5,21,16,1,1,'2025-07-29 14:30:25'),(2,'AAPL','-1m',6,20,17,2,1,'2025-07-29 14:30:25'),(3,'AAPL','-2m',7,21,16,2,1,'2025-07-29 14:30:25'),(4,'AAPL','-3m',7,23,16,1,1,'2025-07-29 14:30:25'),(5,'AMZN','0m',16,49,4,0,0,'2025-07-29 14:30:27'),(6,'AMZN','-1m',18,48,4,0,0,'2025-07-29 14:30:27'),(7,'AMZN','-2m',18,47,4,0,0,'2025-07-29 14:30:27'),(8,'AMZN','-3m',21,46,4,0,0,'2025-07-29 14:30:27'),(9,'BABA','0m',8,30,3,0,0,'2025-07-29 14:30:29'),(10,'BABA','-1m',8,29,3,0,0,'2025-07-29 14:30:29'),(11,'BABA','-2m',8,30,2,0,0,'2025-07-29 14:30:29'),(12,'BABA','-3m',8,30,2,0,0,'2025-07-29 14:30:29'),(13,'CHTR','0m',1,8,8,2,1,'2025-07-29 14:30:30'),(14,'CHTR','-1m',2,8,8,1,3,'2025-07-29 14:30:30'),(15,'CHTR','-2m',2,9,5,2,3,'2025-07-29 14:30:30'),(16,'CHTR','-3m',1,9,10,2,4,'2025-07-29 14:30:30'),(17,'COIN','0m',2,14,14,2,0,'2025-07-29 14:30:32'),(18,'COIN','-1m',3,13,16,1,0,'2025-07-29 14:30:32'),(19,'COIN','-2m',3,10,14,1,1,'2025-07-29 14:30:32'),(20,'COIN','-3m',3,10,15,1,0,'2025-07-29 14:30:32'),(21,'GOOGL','0m',13,43,12,0,0,'2025-07-29 14:30:35'),(22,'GOOGL','-1m',15,42,12,0,0,'2025-07-29 14:30:35'),(23,'GOOGL','-2m',15,42,12,0,0,'2025-07-29 14:30:35'),(24,'GOOGL','-3m',14,42,12,0,0,'2025-07-29 14:30:35'),(25,'IBM','0m',1,8,9,2,1,'2025-07-29 14:30:36'),(26,'IBM','-1m',2,8,8,2,2,'2025-07-29 14:30:36'),(27,'IBM','-2m',2,8,9,2,1,'2025-07-29 14:30:36'),(28,'IBM','-3m',2,8,9,2,1,'2025-07-29 14:30:36'),(29,'INTC','0m',0,1,39,2,2,'2025-07-29 14:30:38'),(30,'INTC','-1m',0,2,39,2,2,'2025-07-29 14:30:38'),(31,'INTC','-2m',0,2,39,2,2,'2025-07-29 14:30:38'),(32,'INTC','-3m',0,2,39,2,2,'2025-07-29 14:30:38'),(33,'JPM','0m',5,9,7,2,1,'2025-07-29 14:30:39'),(34,'JPM','-1m',7,8,8,2,0,'2025-07-29 14:30:39'),(35,'JPM','-2m',7,8,9,0,1,'2025-07-29 14:30:39'),(36,'JPM','-3m',7,7,9,0,1,'2025-07-29 14:30:39'),(37,'LCID','0m',0,1,10,1,2,'2025-07-29 14:30:42'),(38,'LCID','-1m',0,1,11,1,2,'2025-07-29 14:30:42'),(39,'LCID','-2m',0,1,11,1,2,'2025-07-29 14:30:42'),(40,'LCID','-3m',0,1,11,1,2,'2025-07-29 14:30:42'),(41,'META','0m',10,49,8,0,1,'2025-07-29 14:30:45'),(42,'META','-1m',12,48,7,0,2,'2025-07-29 14:30:45'),(43,'META','-2m',12,48,6,0,2,'2025-07-29 14:30:45'),(44,'META','-3m',14,46,6,0,2,'2025-07-29 14:30:45'),(45,'MSFT','0m',13,40,5,0,0,'2025-07-29 14:30:47'),(46,'MSFT','-1m',13,40,6,0,0,'2025-07-29 14:30:47'),(47,'MSFT','-2m',14,41,5,0,0,'2025-07-29 14:30:47'),(48,'MSFT','-3m',14,41,6,0,0,'2025-07-29 14:30:47'),(49,'NVDA','0m',11,49,6,1,0,'2025-07-29 14:30:49'),(50,'NVDA','-1m',12,47,6,1,0,'2025-07-29 14:30:49'),(51,'NVDA','-2m',12,45,6,1,0,'2025-07-29 14:30:49'),(52,'NVDA','-3m',12,44,7,1,0,'2025-07-29 14:30:49'),(53,'ORCL','0m',5,22,11,0,1,'2025-07-29 14:30:50'),(54,'ORCL','-1m',3,22,14,0,0,'2025-07-29 14:30:50'),(55,'ORCL','-2m',4,20,15,0,0,'2025-07-29 14:30:50'),(56,'ORCL','-3m',5,20,14,0,0,'2025-07-29 14:30:50'),(57,'SHOP','0m',10,23,16,0,0,'2025-07-29 14:30:52'),(58,'SHOP','-1m',10,24,14,0,1,'2025-07-29 14:30:52'),(59,'SHOP','-2m',11,24,14,0,1,'2025-07-29 14:30:52'),(60,'SHOP','-3m',12,23,14,1,1,'2025-07-29 14:30:52'),(61,'TRI','0m',2,2,11,2,1,'2025-07-29 14:30:54'),(62,'TRI','-1m',2,1,11,3,0,'2025-07-29 14:30:54'),(63,'TRI','-2m',2,1,11,3,0,'2025-07-29 14:30:54'),(64,'TRI','-3m',4,1,10,2,1,'2025-07-29 14:30:54'),(65,'TSLA','0m',5,13,18,7,3,'2025-07-29 14:30:55'),(66,'TSLA','-1m',7,14,16,7,3,'2025-07-29 14:30:55'),(67,'TSLA','-2m',7,16,14,8,3,'2025-07-29 14:30:55'),(68,'TSLA','-3m',7,16,14,9,2,'2025-07-29 14:30:55'),(69,'WBD','0m',3,10,11,0,0,'2025-07-29 14:30:57'),(70,'WBD','-1m',3,11,11,0,0,'2025-07-29 14:30:57'),(71,'WBD','-2m',3,11,13,1,0,'2025-07-29 14:30:57'),(72,'WBD','-3m',4,10,12,1,0,'2025-07-29 14:30:57');
/*!40000 ALTER TABLE `stock_recommendation` ENABLE KEYS */;
UNLOCK TABLES;

--
-- Table structure for table `stocks`
--

DROP TABLE IF EXISTS `stocks`;
/*!40101 SET @saved_cs_client     = @@character_set_client */;
/*!50503 SET character_set_client = utf8mb4 */;
CREATE TABLE `stocks` (
  `stock_code` varchar(20) CHARACTER SET utf8mb4 COLLATE utf8mb4_general_ci NOT NULL COMMENT '股票代码',
  `full_name` varchar(255) DEFAULT NULL COMMENT '股票全称',
  `market_sector` varchar(100) DEFAULT NULL COMMENT '所属市场板块',
  `industry` varchar(100) DEFAULT NULL COMMENT '所属行业',
  `currency` varchar(10) DEFAULT NULL COMMENT '货币单位',
  `ipo_date` date DEFAULT NULL COMMENT '上市日期',
  `address` varchar(255) DEFAULT NULL COMMENT '公司地址',
  `phone` varchar(50) DEFAULT NULL COMMENT '联系电话',
  `website` varchar(255) DEFAULT NULL COMMENT '公司网站',
  `update_time` datetime DEFAULT CURRENT_TIMESTAMP COMMENT '数据更新时间',
  PRIMARY KEY (`stock_code`)
) ENGINE=InnoDB DEFAULT CHARSET=utf8mb4 COLLATE=utf8mb4_0900_ai_ci COMMENT='股票基本信息表';
/*!40101 SET character_set_client = @saved_cs_client */;

--
-- Dumping data for table `stocks`
--

LOCK TABLES `stocks` WRITE;
/*!40000 ALTER TABLE `stocks` DISABLE KEYS */;
INSERT INTO `stocks` VALUES ('AAPL','Apple Inc.','Technology','Consumer Electronics','USD','1980-12-12','One Apple Park Way','(408) 996-1010','https://www.apple.com','2025-07-27 23:15:40'),('AMZN','Amazon.com, Inc.','Consumer Cyclical','Internet Retail','USD','1997-05-15','410 Terry Avenue North','206 266 1000','https://www.aboutamazon.com','2025-07-27 23:20:43'),('BABA','Alibaba Group Holding Limited','Consumer Cyclical','Internet Retail','USD','2014-09-19','Tower One, Times Square','852 2215 5100','https://www.alibabagroup.com','2025-07-27 23:18:30'),('CHTR','Charter Communications, Inc.','Communication Services','Telecom Services','USD','2010-01-05','400 Washington Blvd.','203 905 7801','https://corporate.charter.com','2025-07-27 23:25:18'),('COIN','Coinbase Global, Inc.','Financial Services','Financial Data & Stock Exchanges','USD','2021-04-14','One Madison Avenue','888 908 7930','https://www.coinbase.com','2025-07-27 23:24:49'),('GOOGL','Alphabet Inc.','Communication Services','Internet Content & Information','USD','2004-08-19','1600 Amphitheatre Parkway','650-253-0000','https://abc.xyz','2025-07-27 23:19:45'),('IBM','International Business Machines Corporation','Technology','Information Technology Services','USD','1962-01-02','One New Orchard Road','914 499 1900','https://www.ibm.com','2025-07-27 23:23:40'),('INTC','Intel Corporation','Technology','Semiconductors','USD','1980-03-17','2200 Mission College Boulevard','408 765 8080','https://www.intel.com','2025-07-28 10:15:53'),('JPM','JPMorgan Chase & Co.','Financial Services','Banks - Diversified','USD','1980-03-17','383 Madison Avenue','(212) 270-6000','https://www.jpmorganchase.com','2025-07-27 23:25:36'),('LCID','Lucid Group, Inc.','Consumer Cyclical','Auto Manufacturers','USD','2020-09-18','7373 Gateway Boulevard','510 648 3553','https://www.lucidmotors.com','2025-07-28 10:16:05'),('META','Meta Platforms, Inc.','Communication Services','Internet Content & Information','USD','2012-05-18','1 Meta Way','650 543 4800','https://investor.atmeta.com','2025-07-27 23:23:19'),('MSFT','Microsoft Corporation','Technology','Software - Infrastructure','USD','1986-03-13','One Microsoft Way','425 882 8080','https://www.microsoft.com','2025-07-27 23:21:42'),('NVDA','NVIDIA Corporation','Technology','Semiconductors','USD','1999-01-22','2788 San Tomas Expressway','408 486 2000','https://www.nvidia.com','2025-07-28 10:16:01'),('ORCL','Oracle Corporation','Technology','Software - Infrastructure','USD','1986-03-12','2300 Oracle Way','(737) 867-1000','https://www.oracle.com','2025-07-27 23:23:53'),('SHOP','Shopify Inc.','Technology','Software - Application','USD','2015-05-20','151 O\'Connor Street','613-241-2828','https://www.shopify.com','2025-07-27 23:24:15'),('TRI','Thomson Reuters Corporation','Industrials','Specialty Business Services','USD','2002-06-12','19 Duncan Street','647 480 7000','https://www.thomsonreuters.com','2025-07-27 23:21:20'),('TSLA','Tesla, Inc.','Consumer Cyclical','Auto Manufacturers','USD','2010-06-29','1 Tesla Road','512 516 8177','https://www.tesla.com','2025-07-28 10:15:57'),('WBD','Warner Bros. Discovery, Inc.','Communication Services','Entertainment','USD','2005-07-08','230 Park Avenue South','212 548 5555','https://ir.wbd.com','2025-07-28 10:16:09');
/*!40000 ALTER TABLE `stocks` ENABLE KEYS */;
UNLOCK TABLES;

--
-- Dumping events for database 'finance'
--

--
-- Dumping routines for database 'finance'
--
/*!40103 SET TIME_ZONE=@OLD_TIME_ZONE */;

/*!40101 SET SQL_MODE=@OLD_SQL_MODE */;
/*!40014 SET FOREIGN_KEY_CHECKS=@OLD_FOREIGN_KEY_CHECKS */;
/*!40014 SET UNIQUE_CHECKS=@OLD_UNIQUE_CHECKS */;
/*!40101 SET CHARACTER_SET_CLIENT=@OLD_CHARACTER_SET_CLIENT */;
/*!40101 SET CHARACTER_SET_RESULTS=@OLD_CHARACTER_SET_RESULTS */;
/*!40101 SET COLLATION_CONNECTION=@OLD_COLLATION_CONNECTION */;
/*!40111 SET SQL_NOTES=@OLD_SQL_NOTES */;

-- Dump completed on 2025-07-29 15:49:54
